provider,category,cluster,hq_country,eu_regions,billing_granularity,billing_minimum,req_subhour_billing,req_api_provisioning,req_persistent_volume,hard_reqs_passed,eu_residency_bonus,terraform_provider,gh_runner_story,storage_usd_gb_month,egress,verification_status,disqualifiers,notes
Verda (formerly DataCrunch),eu-neocloud,gap-fill,Finland,"FIN-01/02/03 Helsinki, Finland","pre-paid 10-minute increments, unused portion refunded",10-minute prepaid block; refunded if terminated early; no commitment,pass (qualified),pass,pass,3,yes,"verda-cloud/verda v1.1.2 (COMMUNITY, published 2026-02-26, 1,635 downloads - young/low-adoption)",none documented,0.20,unknown,CONFIRMED,10-min prepaid granularity is the weakest fit for minutes-long CI; unresolved 2025-09 forum report that volumes attached to PRE-EMPTED SPOT instances are DELETED not detached,datacrunch.io/pricing 301-redirects to verda.com/pricing - same company. Every on-demand price matched the live page to the cent. Iceland (Reykjanesbaer) appears in press coverage but NOT in the docs locations table; it is EEA not EU.
RunPod,marketplace / gpu-native,marketplace + serverless,United States,"EU-CZ-1, EU-FR-1, EU-NL-1, EU-RO-1, EU-SE-1 (plus EUR-IS-1/2 Iceland = EEA not EU)",per-second (compute); network volumes billed HOURLY,"no minimum billed duration; account must hold >=1 hour of credit to deploy (deposit gate, not a billed minimum)",pass,pass,pass,3,yes,"runpod/runpod v1.0.9 (community, 2026-07-22, ~2k downloads); also decentralized-infrastructure/runpod v1.0.1","runpod-workers/worker-github_runner (RunPod org, Serverless-targeted, 8 stars) - reference only; Pods give SSH+root so the JIT-runner pattern is straightforward but is a community pattern, not vendor-documented",0.07 (network volume <1TB); 0.05 >1TB; 0.14 high-perf; volume disk 0.10 running / 0.20 IDLE,free,CORRECTED,"network volume must be attached at pod-creation and pins the pod to one datacenter; US-controlled provider (EU hosting, not EU sovereignty); Community Cloud is third-party hardware","Six EU datacenters confirmed from RunPod's own docs - materially better EU story than first reported. Community Cloud is NOT preemptible and cannot be outbid; it is a cheaper tier on vetted third-party hosts, so do not read its column as spot."
Thunder Compute,gpu-native,marketplace / consumer-GPU clouds,United States,NONE - technical-specs doc states North America only,per-minute,none found; billed only while instances run,pass,pass,"pass (via snapshot, not detachable volume)",3,no,"Thunder-Compute/thundercompute (community, only 130 downloads - effectively unexercised)",none found,0.05 (snapshot); 100GB per GPU free while running,free,CORRECTED,"No EU region (confirmed, not merely unpublished); narrow catalog (4 models, tops out at H100 PCIe); GPU-over-network virtualization - host-device throughput must be benchmarked before trusting a training workload","Cheapest 48GB-class rate anywhere in this study at $0.35/hr. The persistent disk is the instance home/OS and dies with the instance; SNAPSHOTS ($0.05/GB-mo) are what carry weights across a destroy, which adds a restore step to any CI create/destroy loop."
Nebius,eu-neocloud,UpCloud plus European neoclouds,Netherlands,"eu-north1 Finland (H100/H200/L40S), eu-west1 France (H200), eu-north2 Iceland (EEA not EU, H200), eu-west2 France (B300)","per-second (billing unit 1s, pricing unit 1h, proportional below the hour)","none; $25 minimum first account payment is a funding floor, not a run minimum",pass,pass,pass,3,yes,"nebius/nebius v0.6.38 (COMMUNITY tier, vendor-published)",none found,0.08 (Shared Filesystem); 0.10 WEKA; 0.053 block (no replication),unknown,CORRECTED,The cheapest large-VRAM card (RTX PRO 6000 96GB @ $1.80/hr) is us-central1 ONLY - not available under EU residency; B200 is US/Israel only,"Volumes billed 'regardless of whether they are added to VMs' - exactly the semantics a weight cache needs; ~20GB of weights on a Shared Filesystem is ~$1.60/month. L40S is TWO SKUs (AMD CPU $1.55, Intel CPU $1.82), not one price range."
Lambda (Lambda Cloud / Lambda Labs),gpu-native,GPU-native clouds,United States,Europe-Central-1 (Germany) - a real On-Demand Cloud GPU region per Lambda's own docs,per-minute,none; billing bounded by launch and termination,pass,pass,pass,3,yes (region confirmed; per-SKU inventory in Germany NOT confirmed),"none Lambda-published; community elct9620/lambdalabs (69,366 downloads)",none found,0.20,free,CORRECTED,"No spot/preemptible tier at all - no cheap interruptible option for long training; docs state 'not every instance type will be available in every region', and the 48GB A6000's presence in Germany is unconfirmed; capacity for popular SKUs is historically tight","Every price on the rate card is PER GPU PER HOUR, including 1x rows. Storage price IS published at $0.20/GiB/month and billing continues while a filesystem exists even if unmounted. The H100 SXM and B200 rows are published as RANGES ($3.99-4.29, $6.69-6.99); the 1x-vs-8x mapping is unverified."
Amazon Web Services (EC2),hyperscaler,hyperscalers-eu-regions,United States,"eu-north-1 Stockholm, eu-central-1 Frankfurt, eu-west-1 Ireland, eu-west-2 London, eu-west-3 Paris, eu-south-2 Spain, eu-central-2 Zurich (Zurich=CH, not EU)",per-second,60-second minimum on Linux instances,pass,pass,pass,3,yes,hashicorp/aws (official),"Best-covered: machulav/ec2-github-runner (JIT registration), github-aws-runners/terraform-aws-github-runner (v7.10.1, actively maintained), RunsOn (BYO-AWS control plane)",0.0836 gp3 eu-north-1 / 0.0952 eu-central-1 (NOT re-verified by the verification pass),unknown,CORRECTED,"ALL spot prices are null - AWS publishes no unauthenticated spot price feed; the previously-reported spot figures were derived from Spot Advisor discount bands, not quoted. GPU quota is per-region AND separate for on-demand vs spot; expect a multi-day Support-case cycle before the first run. No single-GPU 80GB shape in Stockholm or Frankfurt (only eu-west-2 London p5.4xlarge). No B200 in any EU region.","Every on-demand price confirmed digit-exact against the AWS pricing feed. Spot Advisor SAVINGS BANDS are confirmed (eu-north-1 g6e.xlarge 58% but >20%/month interruption; eu-south-2 g6e.xlarge 68% at 10-15%; p5.48xlarge 85% at <5%) - the small single-GPU shapes have the WORST interruption profile, which is backwards from what bursty CI wants. Correction: Paris and Zurich DO carry g5/g6 families (24GB class), contrary to an earlier 'no large GPU SKUs whatsoever' claim."
DigitalOcean Gradient (GPU Droplets),gpu-native,GPU-native clouds,United States,AMS3 Amsterdam - NVIDIA H100 ONLY. FRA1 Frankfurt has no GPU Droplets at all.,per-second,5-minute minimum billing period,pass,pass,"pass (no GPU exception documented, but no doc explicitly affirms Volume attach to GPU Droplets - verify in console)",3,yes (H100 only),"digitalocean/digitalocean (official, mature)","none official; best third-party ephemeral-Droplet tooling coverage, unverified for GPU slugs",NOT PUBLISHED/FETCHED,"15,000 GiB bundled on datacenter-GPU tiers; 10,000 GiB on Ada tiers",CONFIRMED,"The 48GB tier (L40S and RTX 6000 Ada, both $1.57/hr) is TOR1 Toronto ONLY. Inside DigitalOcean, cheap-48GB and EU-residency are mutually exclusive: the EU floor is $4.41/hr H100, a 2.8x premium. A powered-off Droplet keeps billing until DESTROYED.","Datacenter-GPU tiers also ship 5 TiB of NVMe scratch - fast but ephemeral, so it is a within-lifetime cache only, not a cross-run one."
Modal,serverless,serverless / per-second GPU platforms,United States,"eu (broad EEA), eu-west (Dublin), eu-north, eu-south - selectable via region= on Sandboxes and Functions",per-second,none stated; 0.125-core floor is a resource minimum not a time minimum,pass,"pass (SDK/CLI, NOT a REST provisioning API)",pass (use Volumes v1),3,yes (at a 1.5x-1.75x price multiplier),none,none documented; mechanically plausible via Sandbox,0.09 (1 TiB/month free),unknown,CORRECTED,"EU pinning costs 1.5x (broad 'eu') or 1.75x (narrow, e.g. eu-west Dublin) of every listed rate - the headline price is a US price. Docs do not state which GPU types are stocked in which EU region. Volumes v2 is BETA with an explicit docs warning that data loss cannot yet be ruled out. No REST provisioning API (Python/JS/Go SDK + CLI only).","Sandboxes run arbitrary code (documented for untrusted/agent code, custom images, sb.exec) so a Rust cargo build is in scope. Cheapest 24GB option L4 $0.80/hr base was missing from the original sweep."
Cerebrium,serverless,serverless / per-second GPU platforms,United States,"eu-north-1 Stockholm (GA), eu-north1 Finland on Nebius (GA). eu-central-1 Frankfurt and eu-west-2 (UK, not EU) are on-request only.",per-second,none published either way (unverified),pass,pass (CLI verified; REST surface unverified),pass (region-local),3,yes (but a much narrower EU GPU menu than the price list implies),none,none found,0.05 (first 100GB free),unknown,CORRECTED,"L40S, A100 80GB, RTX PRO 6000 and B200 are NOT available in either GA EU region - the cheap headline SKUs are US-only. The EU 48GB option is L40, whose price is not broken out on the pricing page (UNVERIFIABLE). Persistent storage is REGION-LOCAL. Product is framed around serverless inference endpoints; no documented general-purpose batch/sandbox primitive, so hosting `cargo test --features cuda` is UNVERIFIED.","Earlier claim that eu-west-2 is an EU region is wrong - that is the United Kingdom, and on-request only."
Exoscale,eu-neocloud,UpCloud plus European neoclouds,Switzerland,"DE-FRA-1 Frankfurt (A40, RTX Pro 6000), HR-ZAG-1 Zagreb (RTX Pro 6000), AT-VIE-1/AT-VIE-2 Vienna (V100, A5000, 3080ti). CH-GVA-2 Geneva and CH-DK-2 Zurich are SWITZERLAND, not EU.",per-second,"none; 'Resources are billed by the second, with a no-surprise flat rate across all zones'",pass,pass (with a human gate - see disqualifiers),pass,3,yes,exoscale/exoscale v0.70.0 (PARTNER tier),none found,UNVERIFIABLE (renders client-side); GPU local storage billed separately and excluded from the headline instance price,unknown,UNVERIFIABLE,"EVERY PRICE IS UNVERIFIABLE - the pricing page renders figures client-side and the served HTML contains only Angular template placeholders; no numeric price is retrievable from the pricing page, the per-GPU pages, or the calculator. GPU instances additionally require MANUAL ACCOUNT VALIDATION 'granted with priority to established businesses' - a human gate no API can route around, which may simply refuse a solo developer.","Prices carried forward are the CORRECTED numerals ($1.05 A40 SMALL, $2.15 RTX Pro 6000 SMALL) after removing a fabricated 1.1535 EUR->USD conversion - Exoscale publishes CHF/EUR/USD as byte-identical numerals. Treat as indicative only. An HGX B300 in CH-GVA-2 (Switzerland, non-EU) was missed by the original sweep."
UpCloud,eu-neocloud,UpCloud plus European neoclouds,Finland,FI-HEL2 Telia Helsinki - GPU plans run EXCLUSIVELY here; no GPU failover region,per-hour,'GPU Server plans are billed by the starting hour' - whole-hour rounding,FAIL,pass,pass,2,yes,"UpCloudLtd/upcloud v5.43.0 (PARTNER tier, 5.89M downloads - the most mature provider in this study)",none documented,0.250 MaxIOPS Helsinki / 0.097 Standard / 0.110 Archive Helsinki,"free (zero-cost egress, Fair Transfer Policy)",CORRECTED,"WHOLE-HOUR ROUNDING - a 14-minute CI run costs a full hour. This is the one hard requirement UpCloud fails, and it costs roughly 4.3x on the ci-smoke scenario. Single GPU zone.","USD prices are UpCloud's OWN published figures via the site currency toggle, not an FX conversion - the earlier EURx1.1535 derivation overstated H100 by 8.2%. Archive storage is $0.110/GB-mo at the HELSINKI price (the $0.065 global figure does not apply, since GPU is Helsinki-exclusive)."
Hyperstack (NexGen Cloud),gpu-native,GPU-native clouds,United Kingdom,NORWAY-1 Vestland - Norway is EEA/GDPR but NOT an EU member state,per-minute,none found for on-demand,pass,pass,pass,3,"no (EEA Norway, not EU)",NexGenCloud/hyperstack (official but flagged ALPHA / under active development),none documented,0.07,free,NOT_VERIFIED,"A SHUTOFF VM still bills FULL COMPUTE because resources stay reserved - teardown must DELETE or HIBERNATE, or the CI cost model breaks silently. Could not confirm which SKUs are stocked in NORWAY-1 vs CANADA-1/US-1; the pricing page is not region-differentiated.","Cheapest 48GB in the EEA at $0.50/hr and cheapest 96GB anywhere at $1.85/hr - but NOT source-verified in this study, so those numbers carry less weight than Verda's or RunPod's."
Vast.ai,marketplace,marketplace / consumer-GPU clouds,United States,"SE, NL, EE, FR, PL, DE, FI, SI, CZ, ES, BG, RO (first-class geolocation filter on the search API)",per-second,none for on-demand,pass,pass,FAIL,2,yes (48GB and below only - no EU offers above 48GB at query time),none (registry search returned zero),none - you would write it yourself,"host-set, no platform rate",CHARGED IN BOTH DIRECTIONS at a host-set rate; observed $0.004/TB to $40/TB across EU offers,NOT_VERIFIED,"Volumes are LOCAL-ONLY - physically tied to one machine, so the weight cache is hostage to one stranger's box and unreachable if that host is rented out or leaves. Storage bills for every second the instance EXISTS regardless of state; the only way to stop it is to destroy the data. Egress is billed both directions at an unknowable-in-advance rate. Zero EU offers for H100 PCIe, H200, B200 or A100 80GB.","Cheapest EU 48GB found anywhere: RTX 6000 Ada $0.5407/hr in Estonia (live snapshot 2026-08-08, floats continuously). Most EU offers are individual hosts, not certified datacenters. Putting a 13GB proprietary denoiser on an unvetted consumer host is a data-exposure decision, not just a reliability one."
Shadeform,marketplace (aggregator),marketplace / consumer-GPU clouds,United States,"FI Central (verda), FI Helsinki + FR Paris (nebius), FR/PL (scaleway), DE Frankfurt (latitude/vultr), NL Amsterdam (paperspace), NO (excesssupply/hyperstack - EEA not EU)",UNKNOWN - inherited per underlying cloud,unknown,unknown,pass,pass,2,yes,shadeform/shadeform (community),"none, but the easiest to build one on",~0.07-0.20 depending on underlying cloud,unknown,NOT_VERIFIED,"Billing granularity genuinely UNKNOWN - Shadeform's own docs never state it and rates pass through from 19 different clouds, so hard requirement #1 is unresolved. Volumes attach only within the same underlying cloud+region and are limited to one per instance, so the multi-cloud advantage evaporates once a volume exists. Much of the catalog showed available=false at query time.","Aggregates real cloud OPERATORS (nebius, scaleway, crusoe, verda, digitalocean...), not anonymous consumer hosts - a materially better trust posture than Vast or Salad. Going direct to Verda beats Shadeform's reseller B200 price by ~6%."
Koyeb,serverless,serverless / per-second GPU platforms,France,"fra Frankfurt, par Paris exist; GPU availability in them NOT confirmed",per-second (rounded up to the nearest second),none; no minimum commitment,pass,pass,FAIL,2,unknown,none,none found,n/a,unknown,NOT_VERIFIED,"PERSISTENT VOLUMES CAP AT 10 GB - the ~20GB weight set does not fit, so every run re-downloads. Decisive for the ci-smoke and interactive scenarios. GPU-in-region unconfirmed: three first-party sources list regions but none maps GPUs to them.","Would otherwise be very attractive - L40S at $1.20/hr and RTX A6000 at $0.75/hr with genuine per-second billing. Re-evaluate immediately if the volume cap lifts. Acquired by Mistral AI, whose stated rationale is serving its own inference - a real roadmap risk for a third-party CI use case."
Scaleway,eu-neocloud,UpCloud plus European neoclouds,France,"PAR-2 Paris (L40S, H100 PCIe, H100 SXM, B300 SXM), WAW-2 Warsaw (L40S, H100), PAR-1 (L4 only)","CONTESTED - product page says by-the-minute, pricing doc says per-hour","no minimum commitment; billing pauses on power-off, ends on delete",unknown,pass,pass,2,"yes (H100 SXM confirmed schedulable in PAR-2, France)",scaleway/scaleway v2.80.0 (PARTNER-PREMIER),none found,not captured,unknown,NOT_VERIFIED,"Prices for every 48GB+ SKU are ZONE-GATED and never render: the pricing page shows 'Not available in this zone' with no figure, ?zone=fr-par-2 is ignored server-side, and the public product-catalog API returns no GPU products at all. Only the L4 price rendered. Savings plans explicitly EXCLUDE all GPU types. B300 is 8-GPU-only, so there is no small slice for bursty CI.","The one L40S figure ($1.70) is a 'starting price EUR 1.47/hour' converted at the same unchecked 1.1535 rate that inflated Exoscale - LABEL IT, do not trust it. Billing granularity is contested within the source data itself."
Microsoft Azure,hyperscaler,hyperscalers-eu-regions,United States,"swedencentral, northeurope (Ireland), westeurope (Netherlands), germanywestcentral",per-minute,full minutes only - 'not billed for any extra seconds',pass,pass,pass,3,yes,hashicorp/azurerm (official),none first-party confirmed,0.145 Premium SSD (P30) / 0.075 Standard SSD; disks are TIERED so a 50GB cache pays the 128 GiB tier: P10 $19.71 northeurope / $21.68 swedencentral,unknown,NOT_VERIFIED,"NO 48GB-CLASS GPU IN ANY EU REGION - the ladder jumps A10 24GB straight to A100 80GB. Quota is per-family per-region AND, uniquely, Azure's docs warn a deployment can still fail on CAPACITY with quota approved. H200 spot meters are priced IDENTICAL to on-demand (zero discount).","Only provider offering a SINGLE 80GB+ GPU as a normal VM in a Nordic EU region without buying eight. All figures come from Microsoft's official unauthenticated Retail Prices API (whole-VM prices, directly comparable to AWS) - high-quality data even though this provider was not in the verification set. Spot discount varies 3.4x by region for the same SKU with no pattern."
Google Cloud (Compute Engine),hyperscaler,hyperscalers-eu-regions,United States,"europe-north1 Hamina Finland, europe-west4 Eemshaven Netherlands",per-second,1-minute minimum; Spot VMs preempted under 1 minute are not billed,pass,pass,pass,3,yes,hashicorp/google (official),none first-party confirmed,NOT CAPTURED,unknown,NOT_VERIFIED,"EVERY published GPU figure is ACCELERATOR-ONLY - vCPU and RAM bill as separate SKUs, so a bare GCP GPU number against a whole-VM number understates GCP by 20-30%. The 'RTX 6000 96GB @ $1.205215/hr europe-north1' figure is the single most suspect number in the dataset (roughly half the next-cheapest 96GB GPU anywhere, and a sibling SKU reads '1 gpu slice' at $0.495) - DO NOT let it anchor anything. Google removed the GPU pricing tables from its docs and the machine-readable price list 404s; figures come from the JS-rendered SKU explorer.","europe-north1 Finland spot is the standout: A100 80GB spot $0.5456/GPU-hr (87% off) and H100 spot $1.0353 (90.4% off), 4-5x cheaper than europe-west4 for the same card. The one worked ALL-IN example is a2-ultragpu-1g at $5.536/hr on-demand against a $4.325 accelerator-only figure. Quota needs TWO approvals per GPU model (regional AND global) and on-demand vs spot are separate quotas."
Crusoe Cloud,gpu-native,GPU-native clouds,United States,"eu-iceland1-a Keflavik - Iceland is EEA, NOT an EU member",per-hour (pricing page); a blog claims per-second but no docs page confirms it,'no minimum commitment' for on-demand,FAIL,pass,pass,2,no (EEA Iceland),crusoecloud/crusoe (official),none found,0.08 persistent / 0.07 shared,unknown,NOT_VERIFIED,Published billing granularity is per-HOUR; all spot pricing is 'contact sales'; only European region is Iceland (EEA not EU); SKU stock in eu-iceland1-a unconfirmed,"Strongest IaC story in its cluster (official Terraform provider + CLI + REST) and a stopped VM is NOT billed while its disk persists - a good warm-cache shape. Worth one direct confirmation on billing granularity: if per-second is real, L40S at $1.50/GPU-hr is competitive."
machine.dev,ci-native,CI-native GPU runners,unknown,"eu-south-2 Spain (T4, L4, L40S only - NOT the 96GB tier)",per-minute,not documented (unverified),pass,pass (native managed runner),unknown,2,yes (48GB ceiling in the EU region),none,"NATIVE - set runs-on: to a machine.dev label and it provisions an ephemeral GPU runner per job, then tears it down. No orchestration code, no cloud account. Spot is a first-class per-job option.",unknown (storage doc 404s),bundled,NOT_VERIFIED,"Persistent-volume story is UNVERIFIED (the storage doc 404s) - which is exactly the ~20GB weight-cache requirement. The EU region caps at 48GB L40S; the 96GB RTX PRO 6000 is not listed for Spain. Single EU region, no failover. Billing minimum/rounding not documented.","The best CI-NATIVE fit found: the only managed GitHub Actions runner service with a 48GB GPU in an EU region. L40S spot $0.94/hr (4-6x below its $3.72/hr on-demand). If the weight-cache question resolves, this is the lowest-integration-effort option in the whole study."
Prime Intellect,marketplace,marketplace / consumer-GPU clouds,United States,europe_west (a documented API filter value; underlying countries not enumerated),per-minute,none documented,pass,pass,pass,3,"unknown (an API enum value, not a named region)",none,none found,unknown,unknown,NOT_VERIFIED,"NOT A SINGLE PRICE IS OBTAINABLE without an account - the pricing page 404s and the availability API returns 403 Not authenticated. Explicitly no SLA. Cannot be costed, therefore cannot be compared.",All four requirements pass on documentation. Ten minutes with a free account and one authenticated GET would fill the entire table. The one number in their docs (onDemand 2.69) is captioned as an EXAMPLE RESPONSE and is deliberately NOT reported as a price.
Beam Cloud,serverless,serverless / per-second GPU platforms,United States,"claims servers in US/Europe/Asia but publishes NO EU region list, no region flag, no residency guarantee",per-second (millisecond-level),none; cold boot and container load are NOT billed,pass,pass,pass,3,unknown,none,none found,0.021 (1 TB included),unknown,NOT_VERIFIED,"EU residency is an 'ask us' path, not a selectable region - unknown, not pass. Smaller and younger than Modal or RunPod.","NOT billing cold-start or container-load time is a genuinely meaningful property for a workload that must pull 20GB of weights on every start. Open-source core (beta9) means it is self-hostable, a real vendor hedge."
Salad (SaladCloud),marketplace,marketplace / consumer-GPU clouds,United States,"any EU country selectable via countryCodes - but nodes are consumer gaming PCs, not datacenters",per-second,none; cold boot and image download are NOT billed,pass,pass,FAIL,2,no (consumer PCs in EU countries is not data residency in any meaningful sense),none,"none; container-groups-with-replicas, not SSH-able VMs",n/a,unknown,NOT_VERIFIED,"ENTIRE CATALOG TOPS OUT AT 32GB (RTX 5090) - cannot run this workload at all under ADR-0005. No persistent storage: S4 caps at 100MB per file and auto-deletes after 30 days, so a 13GB denoiser cannot be stored. Nodes disconnect at will even at 'High' priority. No SSH, so interactive debugging is impractical.",Cheapest consumer rates anywhere ($0.204/hr for a 4090 at batch priority) and uniquely does not bill cold boot or image download. Irrelevant here purely because of the VRAM ceiling.
TensorDock,marketplace,marketplace / consumer-GPU clouds,United States,NONE DISCLOSED - claims 100+ locations in 20+ countries but names no EU datacenter; the one located fleet is Dallas,per-second,none for duration (2 vCPU / 4GB / 20GB resource minimums),pass,unknown,unknown,1,unknown,none,none,0.036 (derived from $0.00005/GB/hr),min 1 Gbps included,UNVERIFIABLE,"Every price except the H100 comes from a table stamped 'Last Updated: July 24, 2024' carrying the vendor's own inaccuracy disclaimer, and drift is PROVEN (table says RTX 4090 $0.35, the live 4090 page says 'from $0.37'). The pricing URL 404s. The documented public availability endpoint returns HTTP 200 with an EMPTY hostnodes object - not one live host, price or location could be enumerated.",Acquired by Voltage Park; looks like a platform mid-transition. Stop-and-keep-disk billing would be the right shape for a weight cache if any of it could be verified.
Hetzner,eu-neocloud,UpCloud plus European neoclouds,Germany,"FSN1 Falkenstein, NBG Nuremberg (DE), HEL1 Helsinki (FI)",per-hour with a monthly cap,"hourly; dedicated-server order/cancel lifecycle, not API create/destroy",FAIL,"FAIL (hcloud provider covers Hetzner Cloud only, NOT the GEX dedicated GPU line)",FAIL (local NVMe in the box; Cloud Volumes do not attach to dedicated servers),0,yes,"hetznercloud/hcloud v1.68.0 - Hetzner CLOUD only, does not provision GEX","a long-lived runner on a rented box - the same shape as the apartment 4090, in someone else's building",n/a (local NVMe),traffic allowance included,NOT_VERIFIED,"Fails all three hard requirements. GPUs exist only as DEDICATED bare-metal servers (GEX line); there is no GPU option in Hetzner Cloud. Not ephemeral, not API-provisioned, no detachable volume.","BEST $/VRAM IN THE ENTIRE STUDY and it fails every hard requirement: GEX131 = RTX PRO 6000 Blackwell Max-Q 96GB, 24-core Xeon, 256GB RAM, at EUR889/$989 a month ($1.585/hr), no setup fee. If the real goal is 'stop heating the apartment' plus 'unblock int4 training', one GEX131 with a permanently registered runner is the cheapest thing here. If the goal is strictly ephemeral per-PR CI, it is a non-starter."
OVHcloud,eu-neocloud,UpCloud plus European neoclouds,France,Gravelines France (GPU-verified); Frankfurt and others in the selector but GPU availability per region unverified,per-hour,hourly instances; storage per GB/hour,FAIL,pass,pass,2,yes,ovh/ovh v2.19.0 (PARTNER); OpenStack-based so Nova APIs also apply,none found,0.048 Classic / 0.096 High speed,free,NOT_VERIFIED,"Hourly billing, no documented sub-hour granularity for instances. Per-region GPU availability could not be verified.","Prices quoted natively in USD, no conversion applied. l40s-90 (1x L40S 48GB, 15 vCPU, 90GB) $1.80/hr; a100-180 (A100 80GB) $3.07; h100-380 (H100 80GB, 3.84TB NVMe passthrough) $2.99. The separate AI Training/Notebooks product line has its own rates and is a managed job runner, not a VM you can register a runner on."
IONOS Cloud,eu-neocloud,UpCloud plus European neoclouds,Germany,"Germany, France, Spain (plus UK/USA, non-EU)",per-minute,"none; 'down to the minute, no minimum term; billing ends when you delete your server'",pass,unknown,FAIL,1,yes,"ionos-cloud/ionoscloud v6.7.35 (PARTNER-PREMIER) but targets IONOS CLOUD, not the ionos.com dedicated GPU servers",none found,n/a (local NVMe RAID1),unknown,NOT_VERIFIED,"The GPU offering is on the DEDICATED server line, not Compute Engine - programmatic create/destroy on the same footing is unestablished, and storage is local NVMe RAID1 with no detachable volume documented. The IONOS CLOUD price page contains NO GPU compute pricing at all; two separate product worlds.","IP4-50 GPU: RTX PRO 6000 Blackwell 96GB, 2x Xeon 6517P, 256GB DDR5, 1.92TB NVMe RAID1 at $3.2500/hr with a $2,340/month cap. If a machine-readable create/destroy API for the dedicated line exists, per-minute billing would make IONOS a serious contender; if not, it is Hetzner's shape at double the price."
CoreWeave,gpu-native,GPU-native clouds,United States,"'Europe' - unnamed on the pricing page, inferred from an EU spot column",per-hour (implied),unconfirmed - billing docs behind an access-code login,unknown,unknown,unknown,0,unknown (an unnamed 'Europe' is not a named EU-member region),none found,none found,unknown,unknown,NOT_VERIFIED,"MINIMUM UNIT IS AN 8-GPU NODE - no single-GPU SKU exists on the published rate card. The cheapest 48GB-class entry is a whole L40S node at $18.00/hr, ~36x the cost of a single 48GB GPU elsewhere, for a workload that needs exactly one. L40S/L40 show EU spot as N/A so the 48GB class may not be in Europe at all. Billing model, storage pricing and the API story are all behind a gated docs site.",EU spot rates per GPU are genuinely cheap (RTX PRO 6000 96GB $11.01/hr for 8 = $1.38/GPU-hr) if the workload ever wants eight GPUs at once. For one-GPU bursts it is the wrong shape.
Genesis Cloud,eu-neocloud,UpCloud plus European neoclouds,Germany,"NORD-NO-KRS-1 Kristiansand, NORWAY - EEA/GDPR but NOT EU. The only region the compute API documents.",unknown,unknown,unknown,pass,pass,2,no (EEA Norway),none found in the registry,none found,unknown,unknown,NOT_VERIFIED,"The public website is BROKEN: genesiscloud.com returns HTTP 522 and the pricing/product URLs 404. No price could be verified from any first-party source, so every price field is null. A vendor whose marketing site is down while its docs stay up is itself a reliability signal.","Documented instance types exist (H100 SXM5 80GB, RTX 3090, Gaudi2) but are entirely unpriced. Circulating third-party figures were deliberately NOT recorded - treat them as rumour."
Gcore,eu-neocloud,gap-fill,Luxembourg,Luxembourg (H100 GenAI cluster CONFIRMED first-party); Frankfurt/Paris/Amsterdam/Warsaw exist but GPU availability unconfirmed,unknown (marketed per-minute; no first-party page confirms it - both candidate docs URLs 404),unknown,unknown,unknown,unknown,0,yes (H100 in Luxembourg only; other SKUs' regions unconfirmed),not verified,none found,unknown,"unknown (marketed free, unconfirmed)",NOT_VERIFIED,"NOT CLEARED AGAINST ANY of the three hard requirements - every first-party route either 404'd or omitted the detail. Every price is a 'From EUR x/hour' FLOOR excluding VAT, converted at an ASSUMED 1.17 USD/EUR rate that was never fetched. The H100 Luxembourg announcement mentions a six-month commitment, which if still current conflicts with the no-commitment requirement.","EU-headquartered with its own footprint, a genuine sovereignty advantage. The least solid numbers in the study - do not put them head-to-head with Verda's exact USD list prices. Most likely provider to improve on a browser-driven follow-up."
Oracle Cloud Infrastructure (OCI),hyperscaler,gap-fill,United States,"NOT ESTABLISHED - no region list was fetched; empty here means 'not checked', NOT 'Oracle has no EU regions'",per-second ('depending on the shape' - unresolved for BM.GPU.* bare metal),not stated in the fetched docs,pass,unknown,unknown,1,unknown,not verified,none found,unknown,unknown,UNVERIFIABLE,"EVERY oracle.com pricing route returned HTTP 403, so no price was obtained for any SKU. Structurally more important: every OCI shape at 48GB or above is a 4-GPU or 8-GPU BARE-METAL node. The only single-GPU VM shapes are A10 24GB or V100/P100 16GB. There is no way to buy one 48GB or one 80GB GPU.","The shape ladder IS confirmed first-party from docs.oracle.com (A100 40/80, H100, H200, B200, B300, RTX PRO 6000 96GB, L40S, MI300X, MI355X) - and that alone is likely disqualifying regardless of price. Plausible third-party prices were seen and deliberately NOT recorded."
Vultr,hyperscaler,gap-fill,United States,fra Frankfurt - CONFIRMED to carry the 8x A100 80GB bare-metal plan; the ONLY Vultr GPU plan with a non-empty locations array including an EU region,per-hour,'The minimum billing unit is one hour'; charges begin at deploy regardless of power state; a stopped-not-destroyed server keeps billing,FAIL,pass,pass,2,yes (8x A100 node in Frankfurt only),not verified this pass,none found,not captured,unknown,NOT_VERIFIED,"Hourly minimum with charges starting at deploy - one 14-minute CI smoke on the only EU-available plan (8x A100 at $22.40/hr) costs $22.40. Of nine GPU plans, EIGHT return an EMPTY locations array from Vultr's own API, meaning no region currently offers them - including the single-GPU fractional L40S.","All figures come from Vultr's unauthenticated public REST API (marketing pages 403), which also exposed the live locations array that revealed the inventory problem."
Replicate,serverless,serverless / per-second GPU platforms,United States,NONE - region selection is not part of the product surface,per-second,none stated; setup/boot is generally billed on cold predictions,pass,FAIL,FAIL,1,no,none,none,n/a,unknown,NOT_VERIFIED,"CANNOT HOST A RUST CI JOB - the deployable unit is a Cog container exposing predict(); the API is predictions, not job execution. No sandbox, no shell exec, no batch job. No persistent volume. No EU region. Also the highest per-GPU-hour prices in its cluster (L40S $3.51 vs Beam's $1.75).","Well-established and reliable for its actual use case (public model hosting and inference). The mismatch here is categorical, not a quality problem."
Baseten,serverless,serverless / per-second GPU platforms,United States,EU regional environments exist (prod-eu naming) but no EU city/datacenter is named and NO EU PRICE IS PUBLISHED - EU is contact-sales,per-minute,none explicit; pay only for compute time,pass,unknown,unknown,1,unknown,none,none,n/a,unknown,NOT_VERIFIED,"NO 48GB-CLASS GPU AT ALL - the ladder jumps 24GB (L4/A10G) to 40GB (H100 MIG) to 80GB. Likely cannot host cargo test: the deployable unit is a Truss-packaged model behind an inference endpoint, not a run-to-completion job. EU is a sales conversation, so its US prices stand in for prices that do not exist.","Mature and enterprise-oriented; the control-plane/workload-plane split enables self-hosted-in-your-VPC deployment, which is the realistic route to genuine EU residency here."
Together AI,gpu-native,GPU-native clouds,United States,none named anywhere on the pricing page or docs; marketing mentions GDPR without naming a city or region slug,per-hour,CONTESTED - docs say 'no minimum commitment' but the Instant GPU Clusters launch material says provisioning 'for as little as three days',FAIL,pass,unknown,1,unknown,none,none,n/a,unknown,NOT_VERIFIED,"NO 48GB-CLASS SKU AT ALL (catalogue is H100/H200/B200/B300/GB200). A minimum rental measured in DAYS is fatal for minutes-long bursty CI. Product is cluster-shaped, not instance-shaped.","Self-service provisioning is real and fast. The mismatch is product shape, not execution quality."
Voltage Park,gpu-native,GPU-native clouds,United States,"NONE - six/seven Tier 3+ datacenters, all US",per-hour,'No minimum terms'; up within 15 minutes,unknown,pass,unknown,1,no,none,none,unknown,unknown,NOT_VERIFIED,"US-only. H100 only, no 48GB-class SKU. ONLY ONE PRICE IS PUBLISHED ANYWHERE ($1.99 'starting at') - every other tier says 'Contact for pricing', so the real cost of a specific configuration is unknowable without a sales conversation. Documentation site mid-migration and unreadable.","$1.99/GPU-hr is the cheapest H100 figure in the study, which makes the missing EU region genuinely costly - but it is a marketing 'starting at' number, not a rate card."
Fly.io,gpu-native,GPU-native clouds,United States,ams historically carried a100-80gb - now moot,n/a,n/a,n/a,n/a,n/a,0,n/a,none,n/a,"0.15 (Fly Volumes - still live, academic now)",unknown,NOT_VERIFIED,PRODUCT DISCONTINUED. Fly.io GPUs were deprecated as of 2026-07-31 and unavailable after 2026-08-01 - eight days before this study. /docs/gpus/ 404s and the current pricing page makes no mention of GPUs. Any comparison quoting Fly.io GPU pricing is working from stale data.,"Fly Machines' fast-boot model would have been an excellent match for bursty CI, which makes this a genuine loss rather than a near-miss. All prices deliberately null."
CUDO Compute,marketplace,UpCloud plus European neoclouds,United Kingdom,none published,unknown,unknown,unknown,FAIL,unknown,0,unknown,CudoVentures/cudo v0.11.3 STILL IN THE REGISTRY but targets the closed platform - a trap,none,unknown,unknown,NOT_VERIFIED,"PUBLIC ON-DEMAND PLATFORM CLOSED 2026-03-31, per CUDO's own docs. Every GPU now shows 'Quote on request'. The self-serve API-provisioned product this study is looking for no longer exists.","Kept in the comparison precisely because CUDO's cheap-hourly-marketplace reputation is now stale - anyone reasoning from a 2025-era memory would plan around a withdrawn product, and the surviving Terraform provider reinforces the illusion."
FluidStack,gpu-native,GPU-native clouds,United Kingdom,none documented,unknown,unknown,unknown,unknown,unknown,0,unknown,none,none,unknown,unknown,NOT_VERIFIED,NO PUBLIC PRICING PAGE AT ALL (/pricing is a 404). Pivoted from 'Airbnb for GPUs' to a full-stack neocloud that builds datacenters; the private-cloud segment has average contract values above $100M. There is no reachable hourly offering to evaluate.,"Exactly the case worth flagging: historical reputation says cheap marketplace GPUs, current business is contract-scale private cloud. All four requirements reported unknown rather than fail because no page positively establishes either way - but the absence of a pricing page IS the evidence."
GitHub-hosted GPU runners,ci-native,CI-native GPU runners,United States,none documented - no region selection for larger runners at all,per-minute,minutes and partial minutes rounded UP to the nearest whole minute,pass,pass (native),FAIL,2,unknown,none (runner selection is a runs-on label),NATIVE - this IS GitHub's ephemeral runner; zero orchestration code,n/a,free,NOT_VERIFIED,"16GB TESLA T4 ONLY - below the current 24GB apartment 4090, far below the 48GB target. This SKU is a REGRESSION, not an upgrade. No persistent volume for the ~20GB of weights (actions/cache defaults to a 10GB per-repo total). No documented EU region. $3.12/hr for a T4 is worse value than every third-party alternative.","GA since 2024-07-08, Linux and Windows. Price is $0.052/min per current GitHub docs after the 2026-01-01 cut, not the $0.07/min that circulates in third-party writeups."
RunsOn,ci-native (BYO-AWS),CI-native GPU runners,France,any AWS region you choose - it deploys into YOUR AWS account,per-second (AWS EC2),none from RunsOn (flat annual licence); AWS's 60-second Linux minimum applies,pass,pass,pass,3,yes (whichever AWS EU region you pick),not a registry provider; 'Fleet' mode is Terraform-defined runner groups,"THIS IS THE PATTERN, PRODUCTIZED - a control plane in your own AWS account launches an ephemeral EC2 runner per job and terminates it. Flex mode (per-job spec via runs-on labels) or Fleet mode (Terraform-defined groups). Boot ~1 min base images, 2-3 min full.",AWS EBS rates,"AWS rates, no RunsOn markup",NOT_VERIFIED,"Hosts no GPU capacity of its own - you pay AWS GPU list prices, the most expensive tier in this study. Operational overhead: a CloudFormation/Terraform control plane to deploy and maintain.","Licence is a FLAT ANNUAL FEE per legal entity by runner-count tier: Starter (<50k runners/mo) EUR 300/year, Enterprise (500k+) EUR 3,600/year (quoted in EUR; NO FX rate was fetched, so no USD conversion is given). There is a FREE non-commercial tier for open source and personal use requiring only an acknowledgement link - loractl is a public personal repo, so the licence cost is plausibly ZERO. Pre-baked AMIs are the cleanest answer to the 20GB cold-start problem."
Actions Runner Controller (ARC),ci-native (orchestration only),CI-native GPU runners,United States (GitHub first-party OSS),wherever your Kubernetes cluster is,n/a,free OSS; all cost is the underlying GPU node,unknown (depends on node lifecycle),pass,pass,2,yes (by construction),none (Helm; any k8s Terraform provider can drive it),"THE first-party reference implementation - AutoscalingRunnerSet CRDs create one EphemeralRunner Pod per queued job and delete it on completion. GPU via the NVIDIA device plugin on a GPU node pool. 6.4k stars, last push 2026-08-03, release gha-runner-scale-set-0.14.2.",underlying cluster rates,underlying cloud rates,NOT_VERIFIED,NOT A PROVIDER - requires a separate Kubernetes cluster with GPU nodes. Heaviest operational overhead of any option here. Sub-hour economics depend entirely on aggressive node autoscaling; a long-lived GPU node pool bills continuously.,Documented pattern for exactly this problem: pin runners to a labelled node group via nodeAffinity so work PVCs land on the same node and the weight cache is reused across jobs - explicitly trading full ephemeral isolation for cache warmth.
machulav/ec2-github-runner,ci-native (OSS action),CI-native GPU runners,n/a (OSS),any AWS region,per-second (AWS),AWS 60-second Linux minimum,pass,pass,pass,3,yes (whichever AWS EU region),n/a (a GitHub Action),"THE canonical OSS implementation: a start job launches EC2 and registers it, the middle job sets runs-on to the returned label, a stop job terminates. use-jit:true uses GitHub's generate-jitconfig API for single-use runners that auto-deregister - no config.sh, no cleanup race.",AWS EBS rates,AWS rates,NOT_VERIFIED,"Not a provider; AWS account and AWS GPU pricing required. Single-maintainer project: 857 stars, 71 open issues, last push 2026-05-08 (~3 months before this study). AWS-only - no equivalent for the cheaper EU neoclouds.","Pre-baked AMI or an EBS snapshot-restored volume is the simplest credible answer to the 20GB cold-start problem. NOTE the widely-cited philips-labs/terraform-aws-github-runner is ARCHIVED; the maintained project moved to github-aws-runners (v7.10.1, 3,097 stars, pushed 2026-08-08)."
Actuated,ci-native,CI-native GPU runners,United Kingdom,wherever YOUR hardware is - Actuated hosts no compute,flat monthly,"$250/month minimum (Basic tier), by concurrency not usage",FAIL,pass,pass (your own disk),2,yes (your choice),none,"Hosted control plane over self-hosted hardware: one microVM per job (cloud-hypervisor for the GPU path, since Firecracker has no native GPU support), GPU via VFIO PCI passthrough. Genuinely ephemeral and isolated, very fast boot.",n/a (your own disk),n/a,NOT_VERIFIED,"FAILS THE PROJECT'S ACTUAL GOAL - hosts no GPUs; you self-build a workstation or rent bare metal. Their own blog pitches self-building as recovering its cost in a month, which is the opposite direction from 'stop heating the apartment'. $250/month flat with concurrency pricing fails the no-commitment per-second/per-minute requirement. GPU catalogue tops out at 24GB (3090/4090/RTX 4000) - the exact ceiling ADR-0005 already ruled out.","The rent-bare-metal variant does move the heat out of the apartment, but then it is a flat monthly for an always-on dedicated machine at 24GB - strictly worse than Hetzner's GEX131 at 96GB for a comparable monthly."
Cirun.io,ci-native (BYO-cloud),CI-native GPU runners,unknown,any region of your chosen cloud (a region: field in .cirun.yml),mixed - Cirun bills a flat monthly subscription; compute granularity is the underlying cloud's,Open Source tier is FREE for unlimited public repos,pass (via the underlying cloud),pass,unknown,2,yes (your choice),none,"Config-driven: .cirun.yml declares named runners (cloud, region, instance_type, gpu, machine_image, preemptible, labels); a workflow's runs-on picks the label. Automatic nvidia-driver install. Supports GCP, AWS, Azure, Oracle, DigitalOcean, OpenStack AND Vast.ai.",underlying cloud,underlying cloud,NOT_VERIFIED,No hosted GPU capacity of its own. Persistent-volume story undocumented (custom machine_image is the workaround). Teardown/ephemerality is implied by the per-job model but NOT explicitly documented in the YAML reference.,"Open Source tier is free and permanently covers unlimited PUBLIC repos with unlimited GPU runners - loractl is public, so Cirun's licence cost is plausibly $0. The Vast.ai backend is the only path in this study to consumer 4090/5090 rental inside a GitHub Actions workflow."
Namespace,ci-native,CI-native GPU runners,United States,none documented,per-minute,varies,pass,pass,n/a,0,unknown,none,"drop-in runs-on replacement, CPU only",n/a,unknown,NOT_VERIFIED,"NO GPU RUNNERS - catalogue is Linux/Windows/macOS CPU only. Specialised-compute enquiries go to sales; nothing public, nothing priceable.",Out of scope: no GPU.
Depot,ci-native,CI-native GPU runners,United States,none documented,per-minute,varies,pass,pass,n/a,0,unknown,none,"drop-in runs-on replacement, CPU only",n/a,unknown,NOT_VERIFIED,NO GPU RUNNERS - and this is a trap. Third-party comparisons claim Depot has GPU support for GitHub Actions; the runner catalogue is Intel and Arm CPU only. 'GPU enabled builds' appears solely in the Business-plan feature list for Depot's CONTAINER BUILD product.,Out of scope: no GPU.
Blacksmith,ci-native,CI-native GPU runners,United States,none documented,per-minute,varies,pass,pass,n/a,0,unknown,none,"drop-in runs-on replacement, CPU only",n/a,unknown,NOT_VERIFIED,"NO GPU RUNNERS - Ubuntu/Windows/macOS CPU only. Noted anyway as the provider with the best documented sticky-disk primitive ($0.50/GB/month), should they ever add GPUs.",Out of scope: no GPU.
BuildJet,ci-native,CI-native GPU runners,United States,none documented,per-minute,varies,pass,pass,n/a,0,unknown,none,"drop-in runs-on replacement, CPU only",n/a,unknown,NOT_VERIFIED,NO GPU RUNNERS - AMD and ARM CPU only.,Out of scope: no GPU.
Ubicloud,ci-native,CI-native GPU runners,United States,none documented,per-minute,varies,pass,pass,n/a,0,unknown,none,"drop-in runs-on replacement, CPU only",n/a,unknown,NOT_VERIFIED,NO GPU RUNNERS DOCUMENTED for GitHub Actions; the pricing page 404s and no Ubicloud GPU data could be found from any source.,Out of scope: no GPU.
