scenario,provider,gpu_model,vram_gb,eu_resident,pricing_mode,compute_hours,compute_usd,overhead_usd,storage_usd,egress_usd,total_usd_month,assumptions
ci-smoke,Thunder Compute,NVIDIA RTX A6000,48,no,on-demand,9.3333,2.8,0.47,2.5,0,5.77,"40 runs x 12min = 8.00h actual compute. boot 120s (ASSUMED - provider publishes no boot time) x 40 = 1.3333h overhead. Sub-hour billing, no rounding penalty. compute_usd = 8.00h x $0.35; overhead_usd = 1.3333h x $0.35. Storage: 50GB snapshot @ $0.05/GB-mo (persistent disk dies with the instance; 100GB/GPU free while running). cheapest 48GB anywhere; US-only, no EU region"
ci-smoke,RunPod (Community Cloud),NVIDIA RTX A6000,48,yes,on-demand,8.6667,2.64,0.22,3.5,0,6.36,"40 runs x 12min = 8.00h actual compute. boot 60s (provider-documented) x 40 = 0.6667h overhead. Sub-hour billing, no rounding penalty. compute_usd = 8.00h x $0.33; overhead_usd = 0.6667h x $0.33. Storage: 50GB network volume @ $0.07/GB-mo (billed HOURLY, not per-second). CHEAPEST 48GB-class GPU-hour found anywhere in this study. Community = vetted third-party hosts, NOT preemptible and cannot be outbid"
ci-smoke,RunPod (Community Cloud),NVIDIA A40,48,yes,on-demand,8.6667,2.8,0.23,3.5,0,6.53,"40 runs x 12min = 8.00h actual compute. boot 60s (provider-documented) x 40 = 0.6667h overhead. Sub-hour billing, no rounding penalty. compute_usd = 8.00h x $0.35; overhead_usd = 0.6667h x $0.35. Storage: 50GB network volume @ $0.07/GB-mo (billed HOURLY, not per-second). Community = vetted third-party hosts, NOT preemptible and cannot be outbid"
ci-smoke,Beam Cloud,NVIDIA A6000,48,unknown,on-demand,8.0,6.57,0.0,0.0,0,6.57,"40 runs x 12min = 8.00h actual compute. boot 2s and NOT BILLED (Beam does not charge for spinup or container load) x 40 = 0.0000h overhead. Sub-hour billing, no rounding penalty. compute_usd = 8.00h x $0.8208; overhead_usd = 0.0000h x $0.8208. Storage: 1 TB storage included free. Beam does NOT bill cold boot or container load - the only provider here where boot is genuinely free"
ci-smoke,RunPod (Secure Cloud),NVIDIA A40,48,yes,on-demand,8.6667,3.52,0.29,3.5,0,7.31,"40 runs x 12min = 8.00h actual compute. boot 60s (provider-documented) x 40 = 0.6667h overhead. Sub-hour billing, no rounding penalty. compute_usd = 8.00h x $0.44; overhead_usd = 0.6667h x $0.44. Storage: 50GB network volume @ $0.07/GB-mo. T3/T4 partner datacenters; the tier to use for private weights"
ci-smoke,Hyperstack,NVIDIA RTX A6000,48,no,on-demand,9.3333,4.0,0.67,3.5,0,8.17,"40 runs x 12min = 8.00h actual compute. boot 120s (ASSUMED - provider publishes no boot time) x 40 = 1.3333h overhead. Sub-hour billing, no rounding penalty. compute_usd = 8.00h x $0.5; overhead_usd = 1.3333h x $0.5. Storage: 50GB volume @ $0.07/GB-mo. NORWAY-1 = EEA not EU; a SHUTOFF VM still bills FULL COMPUTE - teardown must DELETE or hibernate"
ci-smoke,Thunder Compute,NVIDIA A100 80GB,80,no,on-demand,9.3333,8.72,1.45,2.5,0,12.67,"40 runs x 12min = 8.00h actual compute. boot 120s (ASSUMED - provider publishes no boot time) x 40 = 1.3333h overhead. Sub-hour billing, no rounding penalty. compute_usd = 8.00h x $1.09; overhead_usd = 1.3333h x $1.09. Storage: 50GB snapshot @ $0.05/GB-mo. cheapest 80GB-class with all 3 requirements; US-only"
ci-smoke,RunPod (Community Cloud),NVIDIA A100 PCIe 80GB,80,yes,on-demand,8.6667,9.52,0.79,3.5,0,13.81,"40 runs x 12min = 8.00h actual compute. boot 60s (provider-documented) x 40 = 0.6667h overhead. Sub-hour billing, no rounding penalty. compute_usd = 8.00h x $1.19; overhead_usd = 0.6667h x $1.19. Storage: 50GB network volume @ $0.07/GB-mo. third-party hosts"
ci-smoke,DigitalOcean,NVIDIA L40S,48,no,on-demand,9.3333,12.56,2.09,0.0,0,14.65,"40 runs x 12min = 8.00h actual compute. boot 120s (ASSUMED - provider publishes no boot time) x 40 = 1.3333h overhead. Sub-hour billing, no rounding penalty. compute_usd = 8.00h x $1.57; overhead_usd = 1.3333h x $1.57. Storage: VOLUME PRICE NOT PUBLISHED/FETCHED - storage cost OMITTED, total is a LOWER BOUND. 5-minute minimum billing period does not bind (each run is ~14 min). TOR1 Toronto ONLY - inside DigitalOcean, cheap-48GB and EU are mutually exclusive"
ci-smoke,RunPod (Secure Cloud),NVIDIA A100 PCIe 80GB,80,yes,on-demand,8.6667,11.12,0.93,3.5,0,15.55,"40 runs x 12min = 8.00h actual compute. boot 60s (provider-documented) x 40 = 0.6667h overhead. Sub-hour billing, no rounding penalty. compute_usd = 8.00h x $1.39; overhead_usd = 0.6667h x $1.39. Storage: 50GB network volume @ $0.07/GB-mo. EU datacenter, vetted T3/T4 hardware"
ci-smoke,Cerebrium,NVIDIA L40S,48,no,on-demand,8.0333,15.61,0.07,0.0,0,15.67,"40 runs x 12min = 8.00h actual compute. boot 3s (provider-documented) x 40 = 0.0333h overhead. Sub-hour billing, no rounding penalty. compute_usd = 8.00h x $1.9512; overhead_usd = 0.0333h x $1.9512. Storage: first 100GB free @ $0.05/GB-mo beyond. L40S is NOT in either GA EU region - US-only despite Cerebrium's EU story"
ci-smoke,Verda,NVIDIA RTX A6000,48,yes,on-demand,9.3333,4.88,0.81,10.0,0,15.69,"40 runs x 12min = 8.00h actual compute. boot 120s (ASSUMED - provider publishes no boot time) x 40 = 1.3333h overhead. Sub-hour billing, no rounding penalty. compute_usd = 8.00h x $0.61; overhead_usd = 1.3333h x $0.61. Storage: 50GB NVMe @ $0.20/GiB-mo. Verda prepays in 10-min blocks and refunds the unused portion, so the effective charge is usage-based. 10-min prepaid blocks with automatic refund of the unused portion"
ci-smoke,Modal,NVIDIA L40S,48,no,on-demand,8.0556,15.61,0.11,0.0,0,15.72,"40 runs x 12min = 8.00h actual compute. boot 5s (provider-documented) x 40 = 0.0556h overhead. Sub-hour billing, no rounding penalty. compute_usd = 8.00h x $1.9512; overhead_usd = 0.0556h x $1.9512. Storage: 1 TiB/month free @ $0.09/GiB-mo beyond. US base rate"
ci-smoke,Hyperstack,NVIDIA A100 PCIe 80GB,80,no,on-demand,9.3333,10.8,1.8,3.5,0,16.1,"40 runs x 12min = 8.00h actual compute. boot 120s (ASSUMED - provider publishes no boot time) x 40 = 1.3333h overhead. Sub-hour billing, no rounding penalty. compute_usd = 8.00h x $1.35; overhead_usd = 1.3333h x $1.35. Storage: 50GB volume @ $0.07/GB-mo. EEA Norway"
ci-smoke,Nebius,NVIDIA L40S (AMD CPU),48,yes,on-demand,9.3333,12.4,2.07,4.0,0,18.47,"40 runs x 12min = 8.00h actual compute. boot 120s (ASSUMED - provider publishes no boot time) x 40 = 1.3333h overhead. Sub-hour billing, no rounding penalty. compute_usd = 8.00h x $1.55; overhead_usd = 1.3333h x $1.55. Storage: 50GB Shared Filesystem @ $0.08/GiB-mo (billed regardless of VM attachment). eu-north1 Finland; true per-second billing"
ci-smoke,Exoscale,NVIDIA RTX Pro 6000 (96GB),96,yes,on-demand,9.3333,17.2,2.87,0.0,0,20.07,"40 runs x 12min = 8.00h actual compute. boot 120s (ASSUMED - provider publishes no boot time) x 40 = 1.3333h overhead. Sub-hour billing, no rounding penalty. compute_usd = 8.00h x $2.15; overhead_usd = 1.3333h x $2.15. Storage: BLOCK STORAGE PRICE UNVERIFIABLE (renders client-side) - storage OMITTED, total is a LOWER BOUND; GPU local storage is billed separately and excluded from the headline rate. PRICE UNVERIFIABLE - carried forward as the corrected numeral after removing a fabricated FX conversion. Also gated behind MANUAL ACCOUNT SCREENING favouring 'established businesses'"
ci-smoke,Lambda,NVIDIA RTX A6000,48,yes,on-demand,9.3333,8.72,1.45,10.0,0,20.17,"40 runs x 12min = 8.00h actual compute. boot 120s (ASSUMED - provider publishes no boot time) x 40 = 1.3333h overhead. Sub-hour billing, no rounding penalty. compute_usd = 8.00h x $1.09; overhead_usd = 1.3333h x $1.09. Storage: 50GB filesystem @ $0.20/GiB-mo (billed while it exists, even unmounted). Europe-Central-1 Germany is a real region; A6000 stock THERE is unconfirmed. No spot tier at all."
ci-smoke,RunPod (Secure Cloud),NVIDIA RTX PRO 6000 (96GB),96,yes,on-demand,8.6667,15.92,1.33,3.5,0,20.75,"40 runs x 12min = 8.00h actual compute. boot 60s (provider-documented) x 40 = 0.6667h overhead. Sub-hour billing, no rounding penalty. compute_usd = 8.00h x $1.99; overhead_usd = 0.6667h x $1.99. Storage: 50GB network volume @ $0.07/GB-mo. 96GB in an EU datacenter"
ci-smoke,AWS EC2,NVIDIA L40S (g6e.xlarge),48,yes,on-demand,9.3333,15.69,2.61,4.18,0,22.48,"40 runs x 12min = 8.00h actual compute. boot 120s (ASSUMED - provider publishes no boot time) x 40 = 1.3333h overhead. Sub-hour billing, no rounding penalty. compute_usd = 8.00h x $1.961; overhead_usd = 1.3333h x $1.961. Storage: 50GB gp3 @ $0.0836/GB-mo eu-south-2/Stockholm rate (NOT re-verified). eu-south-2 Spain, cheapest EU. Only 4 vCPU - the loractl encode phase is single-threaded CPU, so g6e.4xlarge at $3.187 may be the honest floor"
ci-smoke,Verda,NVIDIA L40S,48,yes,on-demand,9.3333,10.96,1.83,10.0,0,22.79,"40 runs x 12min = 8.00h actual compute. boot 120s (ASSUMED - provider publishes no boot time) x 40 = 1.3333h overhead. Sub-hour billing, no rounding penalty. compute_usd = 8.00h x $1.37; overhead_usd = 1.3333h x $1.37. Storage: 50GB NVMe @ $0.20/GiB-mo. Verda prepays in 10-min blocks and refunds the unused portion, so the effective charge is usage-based. Ada-generation 48GB, faster than an A6000"
ci-smoke,Modal,"NVIDIA L40S (EU-pinned, broad 'eu')",48,yes,on-demand,8.0556,23.41,0.16,0.0,0,23.58,"40 runs x 12min = 8.00h actual compute. boot 5s (provider-documented) x 40 = 0.0556h overhead. Sub-hour billing, no rounding penalty. compute_usd = 8.00h x $2.9268; overhead_usd = 0.0556h x $2.9268. Storage: 1 TiB/month free. EU pinning applies a 1.5x multiplier to the $1.9512 base; narrow eu-west Dublin is 1.75x = $3.4146"
ci-smoke,Verda,NVIDIA A100 SXM4 80GB,80,yes,on-demand,9.3333,14.32,2.39,10.0,0,26.71,"40 runs x 12min = 8.00h actual compute. boot 120s (ASSUMED - provider publishes no boot time) x 40 = 1.3333h overhead. Sub-hour billing, no rounding penalty. compute_usd = 8.00h x $1.79; overhead_usd = 1.3333h x $1.79. Storage: 50GB NVMe @ $0.20/GiB-mo. Verda prepays in 10-min blocks and refunds the unused portion, so the effective charge is usage-based. Finland"
ci-smoke,Cerebrium,NVIDIA H100,80,yes,on-demand,8.0333,27.19,0.11,0.0,0,27.3,"40 runs x 12min = 8.00h actual compute. boot 3s (provider-documented) x 40 = 0.0333h overhead. Sub-hour billing, no rounding penalty. compute_usd = 8.00h x $3.3984; overhead_usd = 0.0333h x $3.3984. Storage: first 100GB free. one of the few Cerebrium SKUs actually schedulable in an EU region"
ci-smoke,Verda,NVIDIA RTX PRO 6000 (96GB),96,yes,on-demand,9.3333,15.12,2.52,10.0,0,27.64,"40 runs x 12min = 8.00h actual compute. boot 120s (ASSUMED - provider publishes no boot time) x 40 = 1.3333h overhead. Sub-hour billing, no rounding penalty. compute_usd = 8.00h x $1.89; overhead_usd = 1.3333h x $1.89. Storage: 50GB NVMe @ $0.20/GiB-mo. Verda prepays in 10-min blocks and refunds the unused portion, so the effective charge is usage-based. 96GB removes the ADR-0005 ceiling outright, in an EU region, for under $2/hr"
ci-smoke,Nebius,NVIDIA HGX H100,80,yes,on-demand,9.3333,30.8,5.13,4.0,0,39.93,"40 runs x 12min = 8.00h actual compute. boot 120s (ASSUMED - provider publishes no boot time) x 40 = 1.3333h overhead. Sub-hour billing, no rounding penalty. compute_usd = 8.00h x $3.85; overhead_usd = 1.3333h x $3.85. Storage: 50GB Shared Filesystem @ $0.08/GiB-mo. eu-north1 Finland is the only Nebius region with H100"
ci-smoke,Verda,NVIDIA H100 SXM5,80,yes,on-demand,9.3333,26.0,4.33,10.0,0,40.33,"40 runs x 12min = 8.00h actual compute. boot 120s (ASSUMED - provider publishes no boot time) x 40 = 1.3333h overhead. Sub-hour billing, no rounding penalty. compute_usd = 8.00h x $3.25; overhead_usd = 1.3333h x $3.25. Storage: 50GB NVMe @ $0.20/GiB-mo. Verda prepays in 10-min blocks and refunds the unused portion, so the effective charge is usage-based. cheapest source-verified EU H100"
ci-smoke,Lambda,NVIDIA H100 PCIe,80,yes,on-demand,9.3333,26.32,4.39,10.0,0,40.71,"40 runs x 12min = 8.00h actual compute. boot 120s (ASSUMED - provider publishes no boot time) x 40 = 1.3333h overhead. Sub-hour billing, no rounding penalty. compute_usd = 8.00h x $3.29; overhead_usd = 1.3333h x $3.29. Storage: 50GB filesystem @ $0.20/GiB-mo. no spot tier"
ci-smoke,DigitalOcean,NVIDIA HGX H100,80,yes,on-demand,9.3333,35.28,5.88,0.0,0,41.16,"40 runs x 12min = 8.00h actual compute. boot 120s (ASSUMED - provider publishes no boot time) x 40 = 1.3333h overhead. Sub-hour billing, no rounding penalty. compute_usd = 8.00h x $4.41; overhead_usd = 1.3333h x $4.41. Storage: VOLUME PRICE NOT PUBLISHED/FETCHED - storage OMITTED, total is a LOWER BOUND. 5-minute minimum billing period does not bind (each run is ~14 min). AMS3 Amsterdam is DigitalOcean's ONLY EU GPU and H100 is its ONLY EU GPU model"
ci-smoke,Modal,"NVIDIA H100 (EU-pinned, broad 'eu')",80,yes,on-demand,8.0556,47.39,0.33,0.0,0,47.72,"40 runs x 12min = 8.00h actual compute. boot 5s (provider-documented) x 40 = 0.0556h overhead. Sub-hour billing, no rounding penalty. compute_usd = 8.00h x $5.9238; overhead_usd = 0.0556h x $5.9238. Storage: 1 TiB/month free. $3.9492 base x 1.5 EU multiplier; narrow eu-west Dublin is 1.75x = $6.9111"
ci-smoke,Google Cloud,NVIDIA A100 80GB (a2-ultragpu-1g ALL-IN),80,yes,on-demand,9.3333,44.29,7.38,0.0,0,51.67,"40 runs x 12min = 8.00h actual compute. boot 120s (ASSUMED - provider publishes no boot time) x 40 = 1.3333h overhead. Sub-hour billing, no rounding penalty. compute_usd = 8.00h x $5.536; overhead_usd = 1.3333h x $5.536. Storage: PERSISTENT DISK PRICE NOT CAPTURED - storage OMITTED, total is a LOWER BOUND. europe-north1 Finland. All-in = 12 vCPU x $0.034806 + 170 GiB x $0.004664 + $4.325209 accelerator. Every OTHER GCP figure in this study is accelerator-only and NOT comparable."
ci-smoke,Microsoft Azure,NVIDIA A100 80GB (NC24ads_A100_v4),80,yes,on-demand,9.3333,35.26,5.88,19.71,0,60.85,"40 runs x 12min = 8.00h actual compute. boot 120s (ASSUMED - provider publishes no boot time) x 40 = 1.3333h overhead. Sub-hour billing, no rounding penalty. compute_usd = 8.00h x $4.408; overhead_usd = 1.3333h x $4.408. Storage: Azure disks are TIERED - a 50GB cache pays the 128 GiB P10 tier: $19.71/mo northeurope (Standard SSD E-tier is cheaper). northeurope Ireland. The only single 80GB+ GPU sold as a normal VM in an EU region without buying eight. Whole-VM price, directly comparable."
ci-smoke,UpCloud,NVIDIA L40S,48,yes,on-demand,40.0,10.16,40.64,12.5,0,63.3,"40 runs x 12min = 8.00h actual compute. boot 45s (provider-documented). PER-HOUR BILLING: each 12min+boot run is charged a FULL HOUR, so 40 billed hours vs 8.00h used. compute_usd = 8.00h x $1.27; overhead_usd = the 32.00h ROUNDING PENALTY x $1.27 (4.3x the honest cost). Storage: 50GB MaxIOPS Helsinki @ $0.250/GB-mo (Standard $0.097 = $4.85 is the cheaper option). | MISSES sub-hour billing - 'GPU Server plans are billed by the starting hour'"
ci-smoke,AWS EC2,NVIDIA H100 SXM (p5.4xlarge),80,yes,on-demand,9.3333,71.55,11.93,4.18,0,87.66,"40 runs x 12min = 8.00h actual compute. boot 120s (ASSUMED - provider publishes no boot time) x 40 = 1.3333h overhead. Sub-hour billing, no rounding penalty. compute_usd = 8.00h x $8.944; overhead_usd = 1.3333h x $8.944. Storage: 50GB gp3 @ $0.0836/GB-mo. eu-west-2 LONDON - the only single-H100 EC2 shape anywhere in the EU/UK; not available in Stockholm or Frankfurt"
ci-smoke,UpCloud,NVIDIA H100,80,yes,on-demand,40.0,15.12,60.48,12.5,0,88.1,"40 runs x 12min = 8.00h actual compute. boot 45s (provider-documented). PER-HOUR BILLING: each 12min+boot run is charged a FULL HOUR, so 40 billed hours vs 8.00h used. compute_usd = 8.00h x $1.89; overhead_usd = the 32.00h ROUNDING PENALTY x $1.89 (4.3x the honest cost). Storage: 50GB MaxIOPS Helsinki @ $0.250/GB-mo. | MISSES sub-hour billing - billed by the starting hour"
interactive-dev,Thunder Compute,NVIDIA RTX A6000,48,no,on-demand,20,7.0,0,2.5,0,9.5,"20h of attached session time. Volume held all month. Boot/teardown overhead is negligible at session scale and is not modelled separately. Storage: 50GB snapshot @ $0.05/GB-mo (persistent disk dies with the instance; 100GB/GPU free while running). cheapest 48GB anywhere; US-only, no EU region"
interactive-dev,RunPod (Community Cloud),NVIDIA RTX A6000,48,yes,on-demand,20,6.6,0,3.5,0,10.1,"20h of attached session time. Volume held all month. Boot/teardown overhead is negligible at session scale and is not modelled separately. Storage: 50GB network volume @ $0.07/GB-mo (billed HOURLY, not per-second). CHEAPEST 48GB-class GPU-hour found anywhere in this study. Community = vetted third-party hosts, NOT preemptible and cannot be outbid"
interactive-dev,RunPod (Community Cloud),NVIDIA A40,48,yes,on-demand,20,7.0,0,3.5,0,10.5,"20h of attached session time. Volume held all month. Boot/teardown overhead is negligible at session scale and is not modelled separately. Storage: 50GB network volume @ $0.07/GB-mo (billed HOURLY, not per-second). Community = vetted third-party hosts, NOT preemptible and cannot be outbid"
interactive-dev,RunPod (Secure Cloud),NVIDIA A40,48,yes,on-demand,20,8.8,0,3.5,0,12.3,20h of attached session time. Volume held all month. Boot/teardown overhead is negligible at session scale and is not modelled separately. Storage: 50GB network volume @ $0.07/GB-mo. T3/T4 partner datacenters; the tier to use for private weights
interactive-dev,Hyperstack,NVIDIA RTX A6000,48,no,on-demand,20,10.0,0,3.5,0,13.5,20h of attached session time. Volume held all month. Boot/teardown overhead is negligible at session scale and is not modelled separately. Storage: 50GB volume @ $0.07/GB-mo. NORWAY-1 = EEA not EU; a SHUTOFF VM still bills FULL COMPUTE - teardown must DELETE or hibernate
interactive-dev,Beam Cloud,NVIDIA A6000,48,unknown,on-demand,20,16.42,0,0.0,0,16.42,20h of attached session time. Volume held all month. Boot/teardown overhead is negligible at session scale and is not modelled separately. Storage: 1 TB storage included free. Beam does NOT bill cold boot or container load - the only provider here where boot is genuinely free
interactive-dev,Verda,NVIDIA RTX A6000,48,yes,on-demand,20,12.2,0,10.0,0,22.2,20h of attached session time. Volume held all month. Boot/teardown overhead is negligible at session scale and is not modelled separately. Storage: 50GB NVMe @ $0.20/GiB-mo. 10-min prepaid blocks with automatic refund of the unused portion
interactive-dev,Thunder Compute,NVIDIA A100 80GB,80,no,on-demand,20,21.8,0,2.5,0,24.3,20h of attached session time. Volume held all month. Boot/teardown overhead is negligible at session scale and is not modelled separately. Storage: 50GB snapshot @ $0.05/GB-mo. cheapest 80GB-class with all 3 requirements; US-only
interactive-dev,RunPod (Community Cloud),NVIDIA A100 PCIe 80GB,80,yes,on-demand,20,23.8,0,3.5,0,27.3,20h of attached session time. Volume held all month. Boot/teardown overhead is negligible at session scale and is not modelled separately. Storage: 50GB network volume @ $0.07/GB-mo. third-party hosts
interactive-dev,Hyperstack,NVIDIA A100 PCIe 80GB,80,no,on-demand,20,27.0,0,3.5,0,30.5,20h of attached session time. Volume held all month. Boot/teardown overhead is negligible at session scale and is not modelled separately. Storage: 50GB volume @ $0.07/GB-mo. EEA Norway
interactive-dev,RunPod (Secure Cloud),NVIDIA A100 PCIe 80GB,80,yes,on-demand,20,27.8,0,3.5,0,31.3,"20h of attached session time. Volume held all month. Boot/teardown overhead is negligible at session scale and is not modelled separately. Storage: 50GB network volume @ $0.07/GB-mo. EU datacenter, vetted T3/T4 hardware"
interactive-dev,DigitalOcean,NVIDIA L40S,48,no,on-demand,20,31.4,0,0.0,0,31.4,"20h of attached session time. Volume held all month. Boot/teardown overhead is negligible at session scale and is not modelled separately. Storage: VOLUME PRICE NOT PUBLISHED/FETCHED - storage cost OMITTED, total is a LOWER BOUND. TOR1 Toronto ONLY - inside DigitalOcean, cheap-48GB and EU are mutually exclusive"
interactive-dev,Lambda,NVIDIA RTX A6000,48,yes,on-demand,20,21.8,0,10.0,0,31.8,"20h of attached session time. Volume held all month. Boot/teardown overhead is negligible at session scale and is not modelled separately. Storage: 50GB filesystem @ $0.20/GiB-mo (billed while it exists, even unmounted). Europe-Central-1 Germany is a real region; A6000 stock THERE is unconfirmed. No spot tier at all."
interactive-dev,Nebius,NVIDIA L40S (AMD CPU),48,yes,on-demand,20,31.0,0,4.0,0,35.0,20h of attached session time. Volume held all month. Boot/teardown overhead is negligible at session scale and is not modelled separately. Storage: 50GB Shared Filesystem @ $0.08/GiB-mo (billed regardless of VM attachment). eu-north1 Finland; true per-second billing
interactive-dev,Verda,NVIDIA L40S,48,yes,on-demand,20,27.4,0,10.0,0,37.4,"20h of attached session time. Volume held all month. Boot/teardown overhead is negligible at session scale and is not modelled separately. Storage: 50GB NVMe @ $0.20/GiB-mo. Ada-generation 48GB, faster than an A6000"
interactive-dev,UpCloud,NVIDIA L40S,48,yes,on-demand,20,25.4,0,12.5,0,37.9,"20h of attached session time. Volume held all month. Boot/teardown overhead is negligible at session scale and is not modelled separately. Storage: 50GB MaxIOPS Helsinki @ $0.250/GB-mo (Standard $0.097 = $4.85 is the cheaper option). | MISSES sub-hour billing - 'GPU Server plans are billed by the starting hour' Per-hour billing: contiguous multi-hour sessions round to at most +1h each, so the penalty is small here (unlike ci-smoke)."
interactive-dev,Cerebrium,NVIDIA L40S,48,no,on-demand,20,39.02,0,0.0,0,39.02,20h of attached session time. Volume held all month. Boot/teardown overhead is negligible at session scale and is not modelled separately. Storage: first 100GB free @ $0.05/GB-mo beyond. L40S is NOT in either GA EU region - US-only despite Cerebrium's EU story
interactive-dev,Modal,NVIDIA L40S,48,no,on-demand,20,39.02,0,0.0,0,39.02,20h of attached session time. Volume held all month. Boot/teardown overhead is negligible at session scale and is not modelled separately. Storage: 1 TiB/month free @ $0.09/GiB-mo beyond. US base rate
interactive-dev,Exoscale,NVIDIA RTX Pro 6000 (96GB),96,yes,on-demand,20,43.0,0,0.0,0,43.0,"20h of attached session time. Volume held all month. Boot/teardown overhead is negligible at session scale and is not modelled separately. Storage: BLOCK STORAGE PRICE UNVERIFIABLE (renders client-side) - storage OMITTED, total is a LOWER BOUND; GPU local storage is billed separately and excluded from the headline rate. PRICE UNVERIFIABLE - carried forward as the corrected numeral after removing a fabricated FX conversion. Also gated behind MANUAL ACCOUNT SCREENING favouring 'established businesses'"
interactive-dev,RunPod (Secure Cloud),NVIDIA RTX PRO 6000 (96GB),96,yes,on-demand,20,39.8,0,3.5,0,43.3,20h of attached session time. Volume held all month. Boot/teardown overhead is negligible at session scale and is not modelled separately. Storage: 50GB network volume @ $0.07/GB-mo. 96GB in an EU datacenter
interactive-dev,AWS EC2,NVIDIA L40S (g6e.xlarge),48,yes,on-demand,20,39.22,0,4.18,0,43.4,"20h of attached session time. Volume held all month. Boot/teardown overhead is negligible at session scale and is not modelled separately. Storage: 50GB gp3 @ $0.0836/GB-mo eu-south-2/Stockholm rate (NOT re-verified). eu-south-2 Spain, cheapest EU. Only 4 vCPU - the loractl encode phase is single-threaded CPU, so g6e.4xlarge at $3.187 may be the honest floor"
interactive-dev,Verda,NVIDIA A100 SXM4 80GB,80,yes,on-demand,20,35.8,0,10.0,0,45.8,20h of attached session time. Volume held all month. Boot/teardown overhead is negligible at session scale and is not modelled separately. Storage: 50GB NVMe @ $0.20/GiB-mo. Finland
interactive-dev,Verda,NVIDIA RTX PRO 6000 (96GB),96,yes,on-demand,20,37.8,0,10.0,0,47.8,"20h of attached session time. Volume held all month. Boot/teardown overhead is negligible at session scale and is not modelled separately. Storage: 50GB NVMe @ $0.20/GiB-mo. 96GB removes the ADR-0005 ceiling outright, in an EU region, for under $2/hr"
interactive-dev,UpCloud,NVIDIA H100,80,yes,on-demand,20,37.8,0,12.5,0,50.3,"20h of attached session time. Volume held all month. Boot/teardown overhead is negligible at session scale and is not modelled separately. Storage: 50GB MaxIOPS Helsinki @ $0.250/GB-mo. | MISSES sub-hour billing - billed by the starting hour Per-hour billing: contiguous multi-hour sessions round to at most +1h each, so the penalty is small here (unlike ci-smoke)."
interactive-dev,Modal,"NVIDIA L40S (EU-pinned, broad 'eu')",48,yes,on-demand,20,58.54,0,0.0,0,58.54,20h of attached session time. Volume held all month. Boot/teardown overhead is negligible at session scale and is not modelled separately. Storage: 1 TiB/month free. EU pinning applies a 1.5x multiplier to the $1.9512 base; narrow eu-west Dublin is 1.75x = $3.4146
interactive-dev,Cerebrium,NVIDIA H100,80,yes,on-demand,20,67.97,0,0.0,0,67.97,20h of attached session time. Volume held all month. Boot/teardown overhead is negligible at session scale and is not modelled separately. Storage: first 100GB free. one of the few Cerebrium SKUs actually schedulable in an EU region
interactive-dev,Verda,NVIDIA H100 SXM5,80,yes,on-demand,20,65.0,0,10.0,0,75.0,20h of attached session time. Volume held all month. Boot/teardown overhead is negligible at session scale and is not modelled separately. Storage: 50GB NVMe @ $0.20/GiB-mo. cheapest source-verified EU H100
interactive-dev,Lambda,NVIDIA H100 PCIe,80,yes,on-demand,20,65.8,0,10.0,0,75.8,20h of attached session time. Volume held all month. Boot/teardown overhead is negligible at session scale and is not modelled separately. Storage: 50GB filesystem @ $0.20/GiB-mo. no spot tier
interactive-dev,Nebius,NVIDIA HGX H100,80,yes,on-demand,20,77.0,0,4.0,0,81.0,20h of attached session time. Volume held all month. Boot/teardown overhead is negligible at session scale and is not modelled separately. Storage: 50GB Shared Filesystem @ $0.08/GiB-mo. eu-north1 Finland is the only Nebius region with H100
interactive-dev,DigitalOcean,NVIDIA HGX H100,80,yes,on-demand,20,88.2,0,0.0,0,88.2,"20h of attached session time. Volume held all month. Boot/teardown overhead is negligible at session scale and is not modelled separately. Storage: VOLUME PRICE NOT PUBLISHED/FETCHED - storage OMITTED, total is a LOWER BOUND. AMS3 Amsterdam is DigitalOcean's ONLY EU GPU and H100 is its ONLY EU GPU model"
interactive-dev,Microsoft Azure,NVIDIA A100 80GB (NC24ads_A100_v4),80,yes,on-demand,20,88.16,0,19.71,0,107.87,"20h of attached session time. Volume held all month. Boot/teardown overhead is negligible at session scale and is not modelled separately. Storage: Azure disks are TIERED - a 50GB cache pays the 128 GiB P10 tier: $19.71/mo northeurope (Standard SSD E-tier is cheaper). northeurope Ireland. The only single 80GB+ GPU sold as a normal VM in an EU region without buying eight. Whole-VM price, directly comparable."
interactive-dev,Google Cloud,NVIDIA A100 80GB (a2-ultragpu-1g ALL-IN),80,yes,on-demand,20,110.72,0,0.0,0,110.72,"20h of attached session time. Volume held all month. Boot/teardown overhead is negligible at session scale and is not modelled separately. Storage: PERSISTENT DISK PRICE NOT CAPTURED - storage OMITTED, total is a LOWER BOUND. europe-north1 Finland. All-in = 12 vCPU x $0.034806 + 170 GiB x $0.004664 + $4.325209 accelerator. Every OTHER GCP figure in this study is accelerator-only and NOT comparable."
interactive-dev,Modal,"NVIDIA H100 (EU-pinned, broad 'eu')",80,yes,on-demand,20,118.48,0,0.0,0,118.48,20h of attached session time. Volume held all month. Boot/teardown overhead is negligible at session scale and is not modelled separately. Storage: 1 TiB/month free. $3.9492 base x 1.5 EU multiplier; narrow eu-west Dublin is 1.75x = $6.9111
interactive-dev,AWS EC2,NVIDIA H100 SXM (p5.4xlarge),80,yes,on-demand,20,178.88,0,4.18,0,183.06,20h of attached session time. Volume held all month. Boot/teardown overhead is negligible at session scale and is not modelled separately. Storage: 50GB gp3 @ $0.0836/GB-mo. eu-west-2 LONDON - the only single-H100 EC2 shape anywhere in the EU/UK; not available in Stockholm or Frankfurt
training,RunPod (Community Cloud),NVIDIA RTX A6000,48,yes,on-demand,60,19.8,0,3.5,0,23.3,"60h sustained. Volume held all month. Storage: 50GB network volume @ $0.07/GB-mo (billed HOURLY, not per-second). CHEAPEST 48GB-class GPU-hour found anywhere in this study. Community = vetted third-party hosts, NOT preemptible and cannot be outbid"
training,Thunder Compute,NVIDIA RTX A6000,48,no,on-demand,60,21.0,0,2.5,0,23.5,"60h sustained. Volume held all month. Storage: 50GB snapshot @ $0.05/GB-mo (persistent disk dies with the instance; 100GB/GPU free while running). cheapest 48GB anywhere; US-only, no EU region"
training,RunPod (Community Cloud),NVIDIA A40,48,yes,on-demand,60,21.0,0,3.5,0,24.5,"60h sustained. Volume held all month. Storage: 50GB network volume @ $0.07/GB-mo (billed HOURLY, not per-second). Community = vetted third-party hosts, NOT preemptible and cannot be outbid"
training,Verda,NVIDIA RTX A6000,48,yes,spot/preemptible,60,18.3,0,10.0,0,28.3,60h sustained at the spot/preemptible rate $0.305/hr. INTERRUPTION RISK: spot is ~50% off; UNRESOLVED forum report that volumes on PRE-EMPTED spot instances are DELETED not detached. A 60h run WILL be interrupted at least once on most preemptible tiers - checkpoint or do not use this mode. Storage: 50GB NVMe @ $0.20/GiB-mo. 10-min prepaid blocks with automatic refund of the unused portion
training,RunPod (Secure Cloud),NVIDIA A40,48,yes,on-demand,60,26.4,0,3.5,0,29.9,60h sustained. Volume held all month. Storage: 50GB network volume @ $0.07/GB-mo. T3/T4 partner datacenters; the tier to use for private weights
training,Hyperstack,NVIDIA RTX A6000,48,no,on-demand,60,30.0,0,3.5,0,33.5,60h sustained. Volume held all month. Storage: 50GB volume @ $0.07/GB-mo. NORWAY-1 = EEA not EU; a SHUTOFF VM still bills FULL COMPUTE - teardown must DELETE or hibernate
training,Verda,NVIDIA RTX A6000,48,yes,on-demand,60,36.6,0,10.0,0,46.6,60h sustained. Volume held all month. Storage: 50GB NVMe @ $0.20/GiB-mo. 10-min prepaid blocks with automatic refund of the unused portion
training,Nebius,NVIDIA L40S (AMD CPU),48,yes,spot/preemptible,60,44.4,0,4.0,0,48.4,60h sustained at the spot/preemptible rate $0.74/hr. INTERRUPTION RISK: genuine preemptible. A 60h run WILL be interrupted at least once on most preemptible tiers - checkpoint or do not use this mode. Storage: 50GB Shared Filesystem @ $0.08/GiB-mo (billed regardless of VM attachment). eu-north1 Finland; true per-second billing
training,Beam Cloud,NVIDIA A6000,48,unknown,on-demand,60,49.25,0,0.0,0,49.25,60h sustained. Volume held all month. Storage: 1 TB storage included free. Beam does NOT bill cold boot or container load - the only provider here where boot is genuinely free
training,Verda,NVIDIA L40S,48,yes,spot/preemptible,60,41.1,0,10.0,0,51.1,"60h sustained at the spot/preemptible rate $0.685/hr. INTERRUPTION RISK: . A 60h run WILL be interrupted at least once on most preemptible tiers - checkpoint or do not use this mode. Storage: 50GB NVMe @ $0.20/GiB-mo. Ada-generation 48GB, faster than an A6000"
training,Verda,NVIDIA A100 SXM4 80GB,80,yes,spot/preemptible,60,53.7,0,10.0,0,63.7,60h sustained at the spot/preemptible rate $0.895/hr. INTERRUPTION RISK: . A 60h run WILL be interrupted at least once on most preemptible tiers - checkpoint or do not use this mode. Storage: 50GB NVMe @ $0.20/GiB-mo. Finland
training,Verda,NVIDIA RTX PRO 6000 (96GB),96,yes,spot/preemptible,60,56.7,0,10.0,0,66.7,"60h sustained at the spot/preemptible rate $0.945/hr. INTERRUPTION RISK: . A 60h run WILL be interrupted at least once on most preemptible tiers - checkpoint or do not use this mode. Storage: 50GB NVMe @ $0.20/GiB-mo. 96GB removes the ADR-0005 ceiling outright, in an EU region, for under $2/hr"
training,Thunder Compute,NVIDIA A100 80GB,80,no,on-demand,60,65.4,0,2.5,0,67.9,60h sustained. Volume held all month. Storage: 50GB snapshot @ $0.05/GB-mo. cheapest 80GB-class with all 3 requirements; US-only
training,Microsoft Azure,NVIDIA A100 80GB (NC24ads_A100_v4),80,yes,spot/preemptible,60,48.88,0,19.71,0,68.59,"60h sustained at the spot/preemptible rate $0.814598/hr. INTERRUPTION RISK: genuine spot; discount varies 3.4x across Azure EU regions for the same SKU with no pattern. A 60h run WILL be interrupted at least once on most preemptible tiers - checkpoint or do not use this mode. Storage: Azure disks are TIERED - a 50GB cache pays the 128 GiB P10 tier: $19.71/mo northeurope (Standard SSD E-tier is cheaper). northeurope Ireland. The only single 80GB+ GPU sold as a normal VM in an EU region without buying eight. Whole-VM price, directly comparable."
training,UpCloud,NVIDIA L40S,48,yes,spot/preemptible,60,57.0,0,12.5,0,69.5,"60h sustained at the spot/preemptible rate $0.95/hr. INTERRUPTION RISK: genuine spot, terminable at any time. A 60h run WILL be interrupted at least once on most preemptible tiers - checkpoint or do not use this mode. Storage: 50GB MaxIOPS Helsinki @ $0.250/GB-mo (Standard $0.097 = $4.85 is the cheaper option). | MISSES sub-hour billing - 'GPU Server plans are billed by the starting hour'"
training,RunPod (Community Cloud),NVIDIA A100 PCIe 80GB,80,yes,on-demand,60,71.4,0,3.5,0,74.9,60h sustained. Volume held all month. Storage: 50GB network volume @ $0.07/GB-mo. third-party hosts
training,Lambda,NVIDIA RTX A6000,48,yes,on-demand,60,65.4,0,10.0,0,75.4,"60h sustained. Volume held all month. Storage: 50GB filesystem @ $0.20/GiB-mo (billed while it exists, even unmounted). Europe-Central-1 Germany is a real region; A6000 stock THERE is unconfirmed. No spot tier at all."
training,Hyperstack,NVIDIA A100 PCIe 80GB,80,no,on-demand,60,81.0,0,3.5,0,84.5,60h sustained. Volume held all month. Storage: 50GB volume @ $0.07/GB-mo. EEA Norway
training,RunPod (Secure Cloud),NVIDIA A100 PCIe 80GB,80,yes,on-demand,60,83.4,0,3.5,0,86.9,"60h sustained. Volume held all month. Storage: 50GB network volume @ $0.07/GB-mo. EU datacenter, vetted T3/T4 hardware"
training,UpCloud,NVIDIA L40S,48,yes,on-demand,60,76.2,0,12.5,0,88.7,60h sustained. Volume held all month. Storage: 50GB MaxIOPS Helsinki @ $0.250/GB-mo (Standard $0.097 = $4.85 is the cheaper option). | MISSES sub-hour billing - 'GPU Server plans are billed by the starting hour'
training,Verda,NVIDIA L40S,48,yes,on-demand,60,82.2,0,10.0,0,92.2,"60h sustained. Volume held all month. Storage: 50GB NVMe @ $0.20/GiB-mo. Ada-generation 48GB, faster than an A6000"
training,DigitalOcean,NVIDIA L40S,48,no,on-demand,60,94.2,0,0.0,0,94.2,"60h sustained. Volume held all month. Storage: VOLUME PRICE NOT PUBLISHED/FETCHED - storage cost OMITTED, total is a LOWER BOUND. TOR1 Toronto ONLY - inside DigitalOcean, cheap-48GB and EU are mutually exclusive"
training,Nebius,NVIDIA L40S (AMD CPU),48,yes,on-demand,60,93.0,0,4.0,0,97.0,60h sustained. Volume held all month. Storage: 50GB Shared Filesystem @ $0.08/GiB-mo (billed regardless of VM attachment). eu-north1 Finland; true per-second billing
training,Google Cloud,NVIDIA A100 80GB (a2-ultragpu-1g ALL-IN),80,yes,spot/preemptible,60,105.36,0,0.0,0,105.36,"60h sustained at the spot/preemptible rate $1.756/hr. INTERRUPTION RISK: UPPER BOUND: $0.5456 spot accelerator + ON-DEMAND vCPU/RAM, because GCP's A2 spot core/RAM SKUs were not fetched. True spot is lower.. A 60h run WILL be interrupted at least once on most preemptible tiers - checkpoint or do not use this mode. Storage: PERSISTENT DISK PRICE NOT CAPTURED - storage OMITTED, total is a LOWER BOUND. europe-north1 Finland. All-in = 12 vCPU x $0.034806 + 170 GiB x $0.004664 + $4.325209 accelerator. Every OTHER GCP figure in this study is accelerator-only and NOT comparable."
training,Verda,NVIDIA H100 SXM5,80,yes,spot/preemptible,60,97.8,0,10.0,0,107.8,60h sustained at the spot/preemptible rate $1.63/hr. INTERRUPTION RISK: . A 60h run WILL be interrupted at least once on most preemptible tiers - checkpoint or do not use this mode. Storage: 50GB NVMe @ $0.20/GiB-mo. cheapest source-verified EU H100
training,Cerebrium,NVIDIA L40S,48,no,on-demand,60,117.07,0,0.0,0,117.07,60h sustained. Volume held all month. Storage: first 100GB free @ $0.05/GB-mo beyond. L40S is NOT in either GA EU region - US-only despite Cerebrium's EU story
training,Modal,NVIDIA L40S,48,no,on-demand,60,117.07,0,0.0,0,117.07,60h sustained. Volume held all month. Storage: 1 TiB/month free @ $0.09/GiB-mo beyond. US base rate
training,Verda,NVIDIA A100 SXM4 80GB,80,yes,on-demand,60,107.4,0,10.0,0,117.4,60h sustained. Volume held all month. Storage: 50GB NVMe @ $0.20/GiB-mo. Finland
training,AWS EC2,NVIDIA L40S (g6e.xlarge),48,yes,on-demand,60,117.66,0,4.18,0,121.84,"60h sustained. Volume held all month. Storage: 50GB gp3 @ $0.0836/GB-mo eu-south-2/Stockholm rate (NOT re-verified). eu-south-2 Spain, cheapest EU. Only 4 vCPU - the loractl encode phase is single-threaded CPU, so g6e.4xlarge at $3.187 may be the honest floor"
training,RunPod (Secure Cloud),NVIDIA RTX PRO 6000 (96GB),96,yes,on-demand,60,119.4,0,3.5,0,122.9,60h sustained. Volume held all month. Storage: 50GB network volume @ $0.07/GB-mo. 96GB in an EU datacenter
training,Verda,NVIDIA RTX PRO 6000 (96GB),96,yes,on-demand,60,113.4,0,10.0,0,123.4,"60h sustained. Volume held all month. Storage: 50GB NVMe @ $0.20/GiB-mo. 96GB removes the ADR-0005 ceiling outright, in an EU region, for under $2/hr"
training,UpCloud,NVIDIA H100,80,yes,spot/preemptible,60,112.8,0,12.5,0,125.3,60h sustained at the spot/preemptible rate $1.88/hr. INTERRUPTION RISK: spot is only $0.01/hr cheaper than on-demand on H100 - no reason to take the interruption risk. A 60h run WILL be interrupted at least once on most preemptible tiers - checkpoint or do not use this mode. Storage: 50GB MaxIOPS Helsinki @ $0.250/GB-mo. | MISSES sub-hour billing - billed by the starting hour
training,UpCloud,NVIDIA H100,80,yes,on-demand,60,113.4,0,12.5,0,125.9,60h sustained. Volume held all month. Storage: 50GB MaxIOPS Helsinki @ $0.250/GB-mo. | MISSES sub-hour billing - billed by the starting hour
training,Exoscale,NVIDIA RTX Pro 6000 (96GB),96,yes,on-demand,60,129.0,0,0.0,0,129.0,"60h sustained. Volume held all month. Storage: BLOCK STORAGE PRICE UNVERIFIABLE (renders client-side) - storage OMITTED, total is a LOWER BOUND; GPU local storage is billed separately and excluded from the headline rate. PRICE UNVERIFIABLE - carried forward as the corrected numeral after removing a fabricated FX conversion. Also gated behind MANUAL ACCOUNT SCREENING favouring 'established businesses'"
training,Nebius,NVIDIA HGX H100,80,yes,spot/preemptible,60,129.0,0,4.0,0,133.0,60h sustained at the spot/preemptible rate $2.15/hr. INTERRUPTION RISK: genuine preemptible. A 60h run WILL be interrupted at least once on most preemptible tiers - checkpoint or do not use this mode. Storage: 50GB Shared Filesystem @ $0.08/GiB-mo. eu-north1 Finland is the only Nebius region with H100
training,Modal,"NVIDIA L40S (EU-pinned, broad 'eu')",48,yes,on-demand,60,175.61,0,0.0,0,175.61,60h sustained. Volume held all month. Storage: 1 TiB/month free. EU pinning applies a 1.5x multiplier to the $1.9512 base; narrow eu-west Dublin is 1.75x = $3.4146
training,Cerebrium,NVIDIA H100,80,yes,on-demand,60,203.9,0,0.0,0,203.9,60h sustained. Volume held all month. Storage: first 100GB free. one of the few Cerebrium SKUs actually schedulable in an EU region
training,Verda,NVIDIA H100 SXM5,80,yes,on-demand,60,195.0,0,10.0,0,205.0,60h sustained. Volume held all month. Storage: 50GB NVMe @ $0.20/GiB-mo. cheapest source-verified EU H100
training,Lambda,NVIDIA H100 PCIe,80,yes,on-demand,60,197.4,0,10.0,0,207.4,60h sustained. Volume held all month. Storage: 50GB filesystem @ $0.20/GiB-mo. no spot tier
training,Nebius,NVIDIA HGX H100,80,yes,on-demand,60,231.0,0,4.0,0,235.0,60h sustained. Volume held all month. Storage: 50GB Shared Filesystem @ $0.08/GiB-mo. eu-north1 Finland is the only Nebius region with H100
training,DigitalOcean,NVIDIA HGX H100,80,yes,on-demand,60,264.6,0,0.0,0,264.6,"60h sustained. Volume held all month. Storage: VOLUME PRICE NOT PUBLISHED/FETCHED - storage OMITTED, total is a LOWER BOUND. AMS3 Amsterdam is DigitalOcean's ONLY EU GPU and H100 is its ONLY EU GPU model"
training,Microsoft Azure,NVIDIA A100 80GB (NC24ads_A100_v4),80,yes,on-demand,60,264.48,0,19.71,0,284.19,"60h sustained. Volume held all month. Storage: Azure disks are TIERED - a 50GB cache pays the 128 GiB P10 tier: $19.71/mo northeurope (Standard SSD E-tier is cheaper). northeurope Ireland. The only single 80GB+ GPU sold as a normal VM in an EU region without buying eight. Whole-VM price, directly comparable."
training,Google Cloud,NVIDIA A100 80GB (a2-ultragpu-1g ALL-IN),80,yes,on-demand,60,332.16,0,0.0,0,332.16,"60h sustained. Volume held all month. Storage: PERSISTENT DISK PRICE NOT CAPTURED - storage OMITTED, total is a LOWER BOUND. europe-north1 Finland. All-in = 12 vCPU x $0.034806 + 170 GiB x $0.004664 + $4.325209 accelerator. Every OTHER GCP figure in this study is accelerator-only and NOT comparable."
training,Modal,"NVIDIA H100 (EU-pinned, broad 'eu')",80,yes,on-demand,60,355.43,0,0.0,0,355.43,60h sustained. Volume held all month. Storage: 1 TiB/month free. $3.9492 base x 1.5 EU multiplier; narrow eu-west Dublin is 1.75x = $6.9111
training,AWS EC2,NVIDIA H100 SXM (p5.4xlarge),80,yes,on-demand,60,536.64,0,4.18,0,540.82,60h sustained. Volume held all month. Storage: 50GB gp3 @ $0.0836/GB-mo. eu-west-2 LONDON - the only single-H100 EC2 shape anywhere in the EU/UK; not available in Stockholm or Frankfurt
ci-smoke,Salad,NVIDIA GeForce RTX 4090,24,no,on-demand,8.0,1.63,0.0,,0,1.63,"[ADDED POST-HOC: 24-32GB tier, costed after ADR-0005 Addendum 3 showed the int4 512px step fits 24GB at 19.4GB peak] 40 runs x 12min = 8.00h; boot 0s x40 overhead. hard_reqs_passed=2/3. FAILS persistent volume; nodes are strangers gaming PCs; does not bill cold boot"
interactive-dev,Salad,NVIDIA GeForce RTX 4090,24,no,on-demand,20.0,4.08,0.0,,0,4.08,"[ADDED POST-HOC: 24-32GB tier, costed after ADR-0005 Addendum 3 showed the int4 512px step fits 24GB at 19.4GB peak] 20h; volume held all month. hard_reqs_passed=2/3. FAILS persistent volume; nodes are strangers gaming PCs; does not bill cold boot"
training,Salad,NVIDIA GeForce RTX 4090,24,no,on-demand,60.0,12.24,0.0,,0,12.24,"[ADDED POST-HOC: 24-32GB tier, costed after ADR-0005 Addendum 3 showed the int4 512px step fits 24GB at 19.4GB peak] 60h; volume held all month. hard_reqs_passed=2/3. FAILS persistent volume; nodes are strangers gaming PCs; does not bill cold boot"
ci-smoke,RunPod (Community Cloud),NVIDIA GeForce RTX 3090,24,yes,on-demand,8.6667,1.76,0.15,3.5,0,5.41,"[ADDED POST-HOC: 24-32GB tier, costed after ADR-0005 Addendum 3 showed the int4 512px step fits 24GB at 19.4GB peak] 40 runs x 12min = 8.00h; boot 60s x40 overhead. hard_reqs_passed=3/3. network volume $0.07/GB-mo, survives pod termination"
interactive-dev,RunPod (Community Cloud),NVIDIA GeForce RTX 3090,24,yes,on-demand,20.0,4.4,0.0,3.5,0,7.9,"[ADDED POST-HOC: 24-32GB tier, costed after ADR-0005 Addendum 3 showed the int4 512px step fits 24GB at 19.4GB peak] 20h; volume held all month. hard_reqs_passed=3/3. network volume $0.07/GB-mo, survives pod termination"
training,RunPod (Community Cloud),NVIDIA GeForce RTX 3090,24,yes,on-demand,60.0,13.2,0.0,3.5,0,16.7,"[ADDED POST-HOC: 24-32GB tier, costed after ADR-0005 Addendum 3 showed the int4 512px step fits 24GB at 19.4GB peak] 60h; volume held all month. hard_reqs_passed=3/3. network volume $0.07/GB-mo, survives pod termination"
ci-smoke,Salad,NVIDIA GeForce RTX 5090,32,no,on-demand,8.0,2.35,0.0,,0,2.35,"[ADDED POST-HOC: 24-32GB tier, costed after ADR-0005 Addendum 3 showed the int4 512px step fits 24GB at 19.4GB peak] 40 runs x 12min = 8.00h; boot 0s x40 overhead. hard_reqs_passed=2/3. FAILS persistent volume; nodes are strangers gaming PCs; does not bill cold boot"
interactive-dev,Salad,NVIDIA GeForce RTX 5090,32,no,on-demand,20.0,5.88,0.0,,0,5.88,"[ADDED POST-HOC: 24-32GB tier, costed after ADR-0005 Addendum 3 showed the int4 512px step fits 24GB at 19.4GB peak] 20h; volume held all month. hard_reqs_passed=2/3. FAILS persistent volume; nodes are strangers gaming PCs; does not bill cold boot"
training,Salad,NVIDIA GeForce RTX 5090,32,no,on-demand,60.0,17.64,0.0,,0,17.64,"[ADDED POST-HOC: 24-32GB tier, costed after ADR-0005 Addendum 3 showed the int4 512px step fits 24GB at 19.4GB peak] 60h; volume held all month. hard_reqs_passed=2/3. FAILS persistent volume; nodes are strangers gaming PCs; does not bill cold boot"
ci-smoke,Vast.ai,NVIDIA GeForce RTX 4090,24,yes,on-demand,9.3333,2.64,0.44,,0,3.08,"[ADDED POST-HOC: 24-32GB tier, costed after ADR-0005 Addendum 3 showed the int4 512px step fits 24GB at 19.4GB peak] 40 runs x 12min = 8.00h; boot 120s x40 overhead. hard_reqs_passed=2/3. FAILS persistent volume (machine-local); egress charged BOTH directions at host-set $0.004-$40/TB; storage unpriceable"
interactive-dev,Vast.ai,NVIDIA GeForce RTX 4090,24,yes,on-demand,20.0,6.61,0.0,,0,6.61,"[ADDED POST-HOC: 24-32GB tier, costed after ADR-0005 Addendum 3 showed the int4 512px step fits 24GB at 19.4GB peak] 20h; volume held all month. hard_reqs_passed=2/3. FAILS persistent volume (machine-local); egress charged BOTH directions at host-set $0.004-$40/TB; storage unpriceable"
training,Vast.ai,NVIDIA GeForce RTX 4090,24,yes,on-demand,60.0,19.82,0.0,,0,19.82,"[ADDED POST-HOC: 24-32GB tier, costed after ADR-0005 Addendum 3 showed the int4 512px step fits 24GB at 19.4GB peak] 60h; volume held all month. hard_reqs_passed=2/3. FAILS persistent volume (machine-local); egress charged BOTH directions at host-set $0.004-$40/TB; storage unpriceable"
ci-smoke,RunPod (Community Cloud),NVIDIA GeForce RTX 4090,24,yes,on-demand,8.6667,2.72,0.23,3.5,0,6.45,"[ADDED POST-HOC: 24-32GB tier, costed after ADR-0005 Addendum 3 showed the int4 512px step fits 24GB at 19.4GB peak] 40 runs x 12min = 8.00h; boot 60s x40 overhead. hard_reqs_passed=3/3. network volume $0.07/GB-mo, survives pod termination"
interactive-dev,RunPod (Community Cloud),NVIDIA GeForce RTX 4090,24,yes,on-demand,20.0,6.8,0.0,3.5,0,10.3,"[ADDED POST-HOC: 24-32GB tier, costed after ADR-0005 Addendum 3 showed the int4 512px step fits 24GB at 19.4GB peak] 20h; volume held all month. hard_reqs_passed=3/3. network volume $0.07/GB-mo, survives pod termination"
training,RunPod (Community Cloud),NVIDIA GeForce RTX 4090,24,yes,on-demand,60.0,20.4,0.0,3.5,0,23.9,"[ADDED POST-HOC: 24-32GB tier, costed after ADR-0005 Addendum 3 showed the int4 512px step fits 24GB at 19.4GB peak] 60h; volume held all month. hard_reqs_passed=3/3. network volume $0.07/GB-mo, survives pod termination"
ci-smoke,Vast.ai,NVIDIA GeForce RTX 5090,32,yes,on-demand,9.3333,2.92,0.49,,0,3.41,"[ADDED POST-HOC: 24-32GB tier, costed after ADR-0005 Addendum 3 showed the int4 512px step fits 24GB at 19.4GB peak] 40 runs x 12min = 8.00h; boot 120s x40 overhead. hard_reqs_passed=2/3. FAILS persistent volume (machine-local); egress charged BOTH directions at host-set $0.004-$40/TB; storage unpriceable"
interactive-dev,Vast.ai,NVIDIA GeForce RTX 5090,32,yes,on-demand,20.0,7.29,0.0,,0,7.29,"[ADDED POST-HOC: 24-32GB tier, costed after ADR-0005 Addendum 3 showed the int4 512px step fits 24GB at 19.4GB peak] 20h; volume held all month. hard_reqs_passed=2/3. FAILS persistent volume (machine-local); egress charged BOTH directions at host-set $0.004-$40/TB; storage unpriceable"
training,Vast.ai,NVIDIA GeForce RTX 5090,32,yes,on-demand,60.0,21.86,0.0,,0,21.86,"[ADDED POST-HOC: 24-32GB tier, costed after ADR-0005 Addendum 3 showed the int4 512px step fits 24GB at 19.4GB peak] 60h; volume held all month. hard_reqs_passed=2/3. FAILS persistent volume (machine-local); egress charged BOTH directions at host-set $0.004-$40/TB; storage unpriceable"
ci-smoke,RunPod (Secure Cloud),NVIDIA GeForce RTX 3090,24,yes,on-demand,8.6667,3.68,0.31,3.5,0,7.49,"[ADDED POST-HOC: 24-32GB tier, costed after ADR-0005 Addendum 3 showed the int4 512px step fits 24GB at 19.4GB peak] 40 runs x 12min = 8.00h; boot 60s x40 overhead. hard_reqs_passed=3/3. network volume $0.07/GB-mo, survives pod termination"
interactive-dev,RunPod (Secure Cloud),NVIDIA GeForce RTX 3090,24,yes,on-demand,20.0,9.2,0.0,3.5,0,12.7,"[ADDED POST-HOC: 24-32GB tier, costed after ADR-0005 Addendum 3 showed the int4 512px step fits 24GB at 19.4GB peak] 20h; volume held all month. hard_reqs_passed=3/3. network volume $0.07/GB-mo, survives pod termination"
training,RunPod (Secure Cloud),NVIDIA GeForce RTX 3090,24,yes,on-demand,60.0,27.6,0.0,3.5,0,31.1,"[ADDED POST-HOC: 24-32GB tier, costed after ADR-0005 Addendum 3 showed the int4 512px step fits 24GB at 19.4GB peak] 60h; volume held all month. hard_reqs_passed=3/3. network volume $0.07/GB-mo, survives pod termination"
ci-smoke,RunPod (Community Cloud),NVIDIA GeForce RTX 5090,32,yes,on-demand,8.6667,5.52,0.46,3.5,0,9.48,"[ADDED POST-HOC: 24-32GB tier, costed after ADR-0005 Addendum 3 showed the int4 512px step fits 24GB at 19.4GB peak] 40 runs x 12min = 8.00h; boot 60s x40 overhead. hard_reqs_passed=3/3. network volume $0.07/GB-mo, survives pod termination"
interactive-dev,RunPod (Community Cloud),NVIDIA GeForce RTX 5090,32,yes,on-demand,20.0,13.8,0.0,3.5,0,17.3,"[ADDED POST-HOC: 24-32GB tier, costed after ADR-0005 Addendum 3 showed the int4 512px step fits 24GB at 19.4GB peak] 20h; volume held all month. hard_reqs_passed=3/3. network volume $0.07/GB-mo, survives pod termination"
training,RunPod (Community Cloud),NVIDIA GeForce RTX 5090,32,yes,on-demand,60.0,41.4,0.0,3.5,0,44.9,"[ADDED POST-HOC: 24-32GB tier, costed after ADR-0005 Addendum 3 showed the int4 512px step fits 24GB at 19.4GB peak] 60h; volume held all month. hard_reqs_passed=3/3. network volume $0.07/GB-mo, survives pod termination"
ci-smoke,RunPod (Secure Cloud),NVIDIA GeForce RTX 4090,24,yes,on-demand,8.6667,5.52,0.46,3.5,0,9.48,"[ADDED POST-HOC: 24-32GB tier, costed after ADR-0005 Addendum 3 showed the int4 512px step fits 24GB at 19.4GB peak] 40 runs x 12min = 8.00h; boot 60s x40 overhead. hard_reqs_passed=3/3. network volume $0.07/GB-mo, survives pod termination"
interactive-dev,RunPod (Secure Cloud),NVIDIA GeForce RTX 4090,24,yes,on-demand,20.0,13.8,0.0,3.5,0,17.3,"[ADDED POST-HOC: 24-32GB tier, costed after ADR-0005 Addendum 3 showed the int4 512px step fits 24GB at 19.4GB peak] 20h; volume held all month. hard_reqs_passed=3/3. network volume $0.07/GB-mo, survives pod termination"
training,RunPod (Secure Cloud),NVIDIA GeForce RTX 4090,24,yes,on-demand,60.0,41.4,0.0,3.5,0,44.9,"[ADDED POST-HOC: 24-32GB tier, costed after ADR-0005 Addendum 3 showed the int4 512px step fits 24GB at 19.4GB peak] 60h; volume held all month. hard_reqs_passed=3/3. network volume $0.07/GB-mo, survives pod termination"
ci-smoke,Beam Cloud,NVIDIA GeForce RTX 4090,24,unknown,on-demand,8.0,5.53,0.0,0.0,0,5.53,"[ADDED POST-HOC: 24-32GB tier, costed after ADR-0005 Addendum 3 showed the int4 512px step fits 24GB at 19.4GB peak] 40 runs x 12min = 8.00h; boot 2s x40 overhead. hard_reqs_passed=3/3. 1 TB storage included. Beam does not bill cold boot"
interactive-dev,Beam Cloud,NVIDIA GeForce RTX 4090,24,unknown,on-demand,20.0,13.82,0.0,0.0,0,13.82,"[ADDED POST-HOC: 24-32GB tier, costed after ADR-0005 Addendum 3 showed the int4 512px step fits 24GB at 19.4GB peak] 20h; volume held all month. hard_reqs_passed=3/3. 1 TB storage included. Beam does not bill cold boot"
training,Beam Cloud,NVIDIA GeForce RTX 4090,24,unknown,on-demand,60.0,41.47,0.0,0.0,0,41.47,"[ADDED POST-HOC: 24-32GB tier, costed after ADR-0005 Addendum 3 showed the int4 512px step fits 24GB at 19.4GB peak] 60h; volume held all month. hard_reqs_passed=3/3. 1 TB storage included. Beam does not bill cold boot"
ci-smoke,RunPod (Secure Cloud),NVIDIA GeForce RTX 5090,32,yes,on-demand,8.6667,7.92,0.66,3.5,0,12.08,"[ADDED POST-HOC: 24-32GB tier, costed after ADR-0005 Addendum 3 showed the int4 512px step fits 24GB at 19.4GB peak] 40 runs x 12min = 8.00h; boot 60s x40 overhead. hard_reqs_passed=3/3. network volume $0.07/GB-mo, survives pod termination"
interactive-dev,RunPod (Secure Cloud),NVIDIA GeForce RTX 5090,32,yes,on-demand,20.0,19.8,0.0,3.5,0,23.3,"[ADDED POST-HOC: 24-32GB tier, costed after ADR-0005 Addendum 3 showed the int4 512px step fits 24GB at 19.4GB peak] 20h; volume held all month. hard_reqs_passed=3/3. network volume $0.07/GB-mo, survives pod termination"
training,RunPod (Secure Cloud),NVIDIA GeForce RTX 5090,32,yes,on-demand,60.0,59.4,0.0,3.5,0,62.9,"[ADDED POST-HOC: 24-32GB tier, costed after ADR-0005 Addendum 3 showed the int4 512px step fits 24GB at 19.4GB peak] 60h; volume held all month. hard_reqs_passed=3/3. network volume $0.07/GB-mo, survives pod termination"
ci-smoke,RunPod (Serverless),NVIDIA GeForce RTX 4090,24,yes,on-demand,8.6667,8.8,0.73,3.5,0,13.03,"[ADDED POST-HOC: 24-32GB tier, costed after ADR-0005 Addendum 3 showed the int4 512px step fits 24GB at 19.4GB peak] 40 runs x 12min = 8.00h; boot 60s x40 overhead. hard_reqs_passed=3/3. network volume $0.07/GB-mo, survives pod termination"
interactive-dev,RunPod (Serverless),NVIDIA GeForce RTX 4090,24,yes,on-demand,20.0,22.0,0.0,3.5,0,25.5,"[ADDED POST-HOC: 24-32GB tier, costed after ADR-0005 Addendum 3 showed the int4 512px step fits 24GB at 19.4GB peak] 20h; volume held all month. hard_reqs_passed=3/3. network volume $0.07/GB-mo, survives pod termination"
training,RunPod (Serverless),NVIDIA GeForce RTX 4090,24,yes,on-demand,60.0,66.0,0.0,3.5,0,69.5,"[ADDED POST-HOC: 24-32GB tier, costed after ADR-0005 Addendum 3 showed the int4 512px step fits 24GB at 19.4GB peak] 60h; volume held all month. hard_reqs_passed=3/3. network volume $0.07/GB-mo, survives pod termination"
ci-smoke,RunPod (Community Cloud),NVIDIA RTX A5000,24,yes,on-demand,8.6667,1.28,0.11,3.5,0,4.89,"[ADDED POST-HOC: 24-32GB tier, costed after ADR-0005 Addendum 3 showed the int4 512px step fits 24GB at 19.4GB peak] 40 runs x 12min = 8.00h; boot 60s x40 overhead. hard_reqs_passed=3/3. network volume $0.07/GB-mo, survives pod termination"
interactive-dev,RunPod (Community Cloud),NVIDIA RTX A5000,24,yes,on-demand,20.0,3.2,0.0,3.5,0,6.7,"[ADDED POST-HOC: 24-32GB tier, costed after ADR-0005 Addendum 3 showed the int4 512px step fits 24GB at 19.4GB peak] 20h; volume held all month. hard_reqs_passed=3/3. network volume $0.07/GB-mo, survives pod termination"
training,RunPod (Community Cloud),NVIDIA RTX A5000,24,yes,on-demand,60.0,9.6,0.0,3.5,0,13.1,"[ADDED POST-HOC: 24-32GB tier, costed after ADR-0005 Addendum 3 showed the int4 512px step fits 24GB at 19.4GB peak] 60h; volume held all month. hard_reqs_passed=3/3. network volume $0.07/GB-mo, survives pod termination"
ci-smoke,RunPod (Secure Cloud),NVIDIA RTX A5000,24,yes,on-demand,8.6667,2.16,0.18,3.5,0,5.84,"[ADDED POST-HOC: 24-32GB tier, costed after ADR-0005 Addendum 3 showed the int4 512px step fits 24GB at 19.4GB peak] 40 runs x 12min = 8.00h; boot 60s x40 overhead. hard_reqs_passed=3/3. network volume $0.07/GB-mo, survives pod termination"
interactive-dev,RunPod (Secure Cloud),NVIDIA RTX A5000,24,yes,on-demand,20.0,5.4,0.0,3.5,0,8.9,"[ADDED POST-HOC: 24-32GB tier, costed after ADR-0005 Addendum 3 showed the int4 512px step fits 24GB at 19.4GB peak] 20h; volume held all month. hard_reqs_passed=3/3. network volume $0.07/GB-mo, survives pod termination"
training,RunPod (Secure Cloud),NVIDIA RTX A5000,24,yes,on-demand,60.0,16.2,0.0,3.5,0,19.7,"[ADDED POST-HOC: 24-32GB tier, costed after ADR-0005 Addendum 3 showed the int4 512px step fits 24GB at 19.4GB peak] 60h; volume held all month. hard_reqs_passed=3/3. network volume $0.07/GB-mo, survives pod termination"
ci-smoke,RunPod (Secure Cloud),NVIDIA L4,24,yes,on-demand,8.6667,3.12,0.26,3.5,0,6.88,"[ADDED POST-HOC: 24-32GB tier, costed after ADR-0005 Addendum 3 showed the int4 512px step fits 24GB at 19.4GB peak] 40 runs x 12min = 8.00h; boot 60s x40 overhead. hard_reqs_passed=3/3. network volume $0.07/GB-mo, survives pod termination"
interactive-dev,RunPod (Secure Cloud),NVIDIA L4,24,yes,on-demand,20.0,7.8,0.0,3.5,0,11.3,"[ADDED POST-HOC: 24-32GB tier, costed after ADR-0005 Addendum 3 showed the int4 512px step fits 24GB at 19.4GB peak] 20h; volume held all month. hard_reqs_passed=3/3. network volume $0.07/GB-mo, survives pod termination"
training,RunPod (Secure Cloud),NVIDIA L4,24,yes,on-demand,60.0,23.4,0.0,3.5,0,26.9,"[ADDED POST-HOC: 24-32GB tier, costed after ADR-0005 Addendum 3 showed the int4 512px step fits 24GB at 19.4GB peak] 60h; volume held all month. hard_reqs_passed=3/3. network volume $0.07/GB-mo, survives pod termination"
ci-smoke,RunPod (Community Cloud),NVIDIA L4,24,yes,on-demand,8.6667,3.52,0.29,3.5,0,7.31,"[ADDED POST-HOC: 24-32GB tier, costed after ADR-0005 Addendum 3 showed the int4 512px step fits 24GB at 19.4GB peak] 40 runs x 12min = 8.00h; boot 60s x40 overhead. hard_reqs_passed=3/3. network volume $0.07/GB-mo, survives pod termination"
interactive-dev,RunPod (Community Cloud),NVIDIA L4,24,yes,on-demand,20.0,8.8,0.0,3.5,0,12.3,"[ADDED POST-HOC: 24-32GB tier, costed after ADR-0005 Addendum 3 showed the int4 512px step fits 24GB at 19.4GB peak] 20h; volume held all month. hard_reqs_passed=3/3. network volume $0.07/GB-mo, survives pod termination"
training,RunPod (Community Cloud),NVIDIA L4,24,yes,on-demand,60.0,26.4,0.0,3.5,0,29.9,"[ADDED POST-HOC: 24-32GB tier, costed after ADR-0005 Addendum 3 showed the int4 512px step fits 24GB at 19.4GB peak] 60h; volume held all month. hard_reqs_passed=3/3. network volume $0.07/GB-mo, survives pod termination"
ci-smoke,UpCloud,NVIDIA L4,24,yes,on-demand,40.0,27.6,0.0,4.85,0,32.45,"[ADDED POST-HOC: 24-32GB tier, costed after ADR-0005 Addendum 3 showed the int4 512px step fits 24GB at 19.4GB peak] 40 runs x 12min = 8.00h; WHOLE-HOUR BILLED: 40 runs = 40 billed hours. hard_reqs_passed=2/3. FAILS sub-hour billing: 40 runs = 40 WHOLE billed hours"
interactive-dev,UpCloud,NVIDIA L4,24,yes,on-demand,20.0,13.8,0.0,4.85,0,18.65,"[ADDED POST-HOC: 24-32GB tier, costed after ADR-0005 Addendum 3 showed the int4 512px step fits 24GB at 19.4GB peak] 20h; volume held all month. hard_reqs_passed=2/3. FAILS sub-hour billing: 40 runs = 40 WHOLE billed hours"
training,UpCloud,NVIDIA L4,24,yes,on-demand,60.0,41.4,0.0,4.85,0,46.25,"[ADDED POST-HOC: 24-32GB tier, costed after ADR-0005 Addendum 3 showed the int4 512px step fits 24GB at 19.4GB peak] 60h; volume held all month. hard_reqs_passed=2/3. FAILS sub-hour billing: 40 runs = 40 WHOLE billed hours"
ci-smoke,Modal,NVIDIA L4,24,yes*,on-demand,8.0556,6.4,0.04,0.0,0,6.44,"[ADDED POST-HOC: 24-32GB tier, costed after ADR-0005 Addendum 3 showed the int4 512px step fits 24GB at 19.4GB peak] 40 runs x 12min = 8.00h; boot 5s x40 overhead. hard_reqs_passed=3/3. Volumes: 1 TiB/mo free, so 50GB storage is $0. EU pinning is a 1.5-1.75x COMPUTE multiplier NOT applied below"
interactive-dev,Modal,NVIDIA L4,24,yes*,on-demand,20.0,16.0,0.0,0.0,0,16.0,"[ADDED POST-HOC: 24-32GB tier, costed after ADR-0005 Addendum 3 showed the int4 512px step fits 24GB at 19.4GB peak] 20h; volume held all month. hard_reqs_passed=3/3. Volumes: 1 TiB/mo free, so 50GB storage is $0. EU pinning is a 1.5-1.75x COMPUTE multiplier NOT applied below"
training,Modal,NVIDIA L4,24,yes*,on-demand,60.0,48.0,0.0,0.0,0,48.0,"[ADDED POST-HOC: 24-32GB tier, costed after ADR-0005 Addendum 3 showed the int4 512px step fits 24GB at 19.4GB peak] 60h; volume held all month. hard_reqs_passed=3/3. Volumes: 1 TiB/mo free, so 50GB storage is $0. EU pinning is a 1.5-1.75x COMPUTE multiplier NOT applied below"
ci-smoke,OVHcloud,NVIDIA L4,24,yes,on-demand,40.0,40.0,0.0,2.4,0,42.4,"[ADDED POST-HOC: 24-32GB tier, costed after ADR-0005 Addendum 3 showed the int4 512px step fits 24GB at 19.4GB peak] 40 runs x 12min = 8.00h; WHOLE-HOUR BILLED: 40 runs = 40 billed hours. hard_reqs_passed=2/3. FAILS sub-hour billing: 40 runs = 40 WHOLE billed hours"
interactive-dev,OVHcloud,NVIDIA L4,24,yes,on-demand,20.0,20.0,0.0,2.4,0,22.4,"[ADDED POST-HOC: 24-32GB tier, costed after ADR-0005 Addendum 3 showed the int4 512px step fits 24GB at 19.4GB peak] 20h; volume held all month. hard_reqs_passed=2/3. FAILS sub-hour billing: 40 runs = 40 WHOLE billed hours"
training,OVHcloud,NVIDIA L4,24,yes,on-demand,60.0,60.0,0.0,2.4,0,62.4,"[ADDED POST-HOC: 24-32GB tier, costed after ADR-0005 Addendum 3 showed the int4 512px step fits 24GB at 19.4GB peak] 60h; volume held all month. hard_reqs_passed=2/3. FAILS sub-hour billing: 40 runs = 40 WHOLE billed hours"
ci-smoke,Modal,NVIDIA A10,24,yes*,on-demand,8.0556,8.8,0.06,0.0,0,8.86,"[ADDED POST-HOC: 24-32GB tier, costed after ADR-0005 Addendum 3 showed the int4 512px step fits 24GB at 19.4GB peak] 40 runs x 12min = 8.00h; boot 5s x40 overhead. hard_reqs_passed=3/3. Volumes: 1 TiB/mo free, so 50GB storage is $0. EU pinning is a 1.5-1.75x COMPUTE multiplier NOT applied below"
interactive-dev,Modal,NVIDIA A10,24,yes*,on-demand,20.0,22.0,0.0,0.0,0,22.0,"[ADDED POST-HOC: 24-32GB tier, costed after ADR-0005 Addendum 3 showed the int4 512px step fits 24GB at 19.4GB peak] 20h; volume held all month. hard_reqs_passed=3/3. Volumes: 1 TiB/mo free, so 50GB storage is $0. EU pinning is a 1.5-1.75x COMPUTE multiplier NOT applied below"
training,Modal,NVIDIA A10,24,yes*,on-demand,60.0,66.0,0.0,0.0,0,66.0,"[ADDED POST-HOC: 24-32GB tier, costed after ADR-0005 Addendum 3 showed the int4 512px step fits 24GB at 19.4GB peak] 60h; volume held all month. hard_reqs_passed=3/3. Volumes: 1 TiB/mo free, so 50GB storage is $0. EU pinning is a 1.5-1.75x COMPUTE multiplier NOT applied below"
ci-smoke,Modal,NVIDIA L4,24,yes*,on-demand,8.0556,9.6,0.07,0.0,0,9.67,"[ADDED POST-HOC: 24-32GB tier, costed after ADR-0005 Addendum 3 showed the int4 512px step fits 24GB at 19.4GB peak] 40 runs x 12min = 8.00h; boot 5s x40 overhead. hard_reqs_passed=3/3. Volumes: 1 TiB/mo free, so 50GB storage is $0. EU pinning is a 1.5-1.75x COMPUTE multiplier NOT applied below"
interactive-dev,Modal,NVIDIA L4,24,yes*,on-demand,20.0,24.0,0.0,0.0,0,24.0,"[ADDED POST-HOC: 24-32GB tier, costed after ADR-0005 Addendum 3 showed the int4 512px step fits 24GB at 19.4GB peak] 20h; volume held all month. hard_reqs_passed=3/3. Volumes: 1 TiB/mo free, so 50GB storage is $0. EU pinning is a 1.5-1.75x COMPUTE multiplier NOT applied below"
training,Modal,NVIDIA L4,24,yes*,on-demand,60.0,72.0,0.0,0.0,0,72.0,"[ADDED POST-HOC: 24-32GB tier, costed after ADR-0005 Addendum 3 showed the int4 512px step fits 24GB at 19.4GB peak] 60h; volume held all month. hard_reqs_passed=3/3. Volumes: 1 TiB/mo free, so 50GB storage is $0. EU pinning is a 1.5-1.75x COMPUTE multiplier NOT applied below"
ci-smoke,Modal,NVIDIA A10,24,yes*,on-demand,8.0556,13.2,0.09,0.0,0,13.29,"[ADDED POST-HOC: 24-32GB tier, costed after ADR-0005 Addendum 3 showed the int4 512px step fits 24GB at 19.4GB peak] 40 runs x 12min = 8.00h; boot 5s x40 overhead. hard_reqs_passed=3/3. Volumes: 1 TiB/mo free, so 50GB storage is $0. EU pinning is a 1.5-1.75x COMPUTE multiplier NOT applied below"
interactive-dev,Modal,NVIDIA A10,24,yes*,on-demand,20.0,33.0,0.0,0.0,0,33.0,"[ADDED POST-HOC: 24-32GB tier, costed after ADR-0005 Addendum 3 showed the int4 512px step fits 24GB at 19.4GB peak] 20h; volume held all month. hard_reqs_passed=3/3. Volumes: 1 TiB/mo free, so 50GB storage is $0. EU pinning is a 1.5-1.75x COMPUTE multiplier NOT applied below"
training,Modal,NVIDIA A10,24,yes*,on-demand,60.0,99.0,0.0,0.0,0,99.0,"[ADDED POST-HOC: 24-32GB tier, costed after ADR-0005 Addendum 3 showed the int4 512px step fits 24GB at 19.4GB peak] 60h; volume held all month. hard_reqs_passed=3/3. Volumes: 1 TiB/mo free, so 50GB storage is $0. EU pinning is a 1.5-1.75x COMPUTE multiplier NOT applied below"
